DataOperacao,PredicaoIA,Candle,Close,Open,High,Low,CandleCorpoPct,CandlePavioSuperiorPct,CandlePavioInferiorPct,Profit,ProfitPct,ProfitAcumulado,ProfitJurosComposto
02/10/2018 00:00,Long,DOWN,225.69,231.62,232.51,223.37,3,0.38,1.03,Loss,3,-3,970
03/10/2018 00:00,Long,DOWN,220.77,225.7,226.43,216.51,3,0.32,1.93,Loss,3,-6,940
04/10/2018 00:00,Long,UP,222.66,220.67,227.16,219.49,0.89,2.02,0.53,Gain,0.89,-5.11,948.9
05/10/2018 00:00,Long,UP,228.37,222.66,231.75,219.35,2.5,1.48,1.49,Gain,2.5,-2.61,973.9
06/10/2018 00:00,Short,DOWN,225.4,228.36,228.86,223.15,1.3,0.22,1,Gain,1.3,-1.31,986.9
07/10/2018 00:00,Long,UP,226.14,225.39,227.75,221.48,0.33,0.71,1.73,Gain,0.33,-0.98,990.2
08/10/2018 00:00,Long,UP,230.01,226.26,232.7,224.21,1.63,1.17,0.91,Gain,1.63,0.65,1006.5
09/10/2018 00:00,Short,DOWN,228.4,230.01,231.02,226.56,0.7,0.44,0.81,Gain,0.7,1.35,1013.5
10/10/2018 00:00,Long,DOWN,226.74,228.4,228.78,224.05,0.73,0.17,1.19,Loss,0.73,0.62,1006.2
11/10/2018 00:00,Long,DOWN,191.58,226.7,226.91,189.01,3,0.09,1.34,Loss,3,-2.38,976.2
12/10/2018 00:00,Long,UP,196.96,191.55,201.87,190.04,2.75,2.49,0.79,Gain,2.75,0.37,1003.7
13/10/2018 00:00,Short,UP,201.3,196.96,202.78,196.27,2.16,0.74,0.35,Loss,2.16,-1.79,982.1
14/10/2018 00:00,Long,DOWN,197.01,201.39,203.56,194.33,3,1.08,1.36,Loss,3,-4.79,952.1
15/10/2018 00:00,Long,UP,214.39,196.84,239,194.6,8.19,11.48,1.14,Gain,8.19,3.4,1034
16/10/2018 00:00,Short,UP,215.09,214.39,219.95,211.55,0.33,2.26,1.32,Loss,0.33,3.07,1030.7
17/10/2018 00:00,Long,DOWN,212.85,215.2,216.99,210,1.09,0.83,1.34,Loss,1.09,1.98,1019.8
18/10/2018 00:00,Long,DOWN,206.24,212.9,215.3,203.53,3,1.13,1.31,Loss,3,-1.02,989.8
19/10/2018 00:00,Long,DOWN,205,206.25,208,204.21,0.61,0.85,0.39,Loss,0.61,-1.63,983.7
20/10/2018 00:00,Long,UP,207.91,205.1,209.69,203.57,1.35,0.86,0.75,Gain,1.35,-0.28,997.2
21/10/2018 00:00,Long,DOWN,207.49,207.91,211.99,206.74,0.2,1.96,0.36,Loss,0.2,-0.48,995.2
22/10/2018 00:00,Long,DOWN,206.67,207.46,209.3,205,0.38,0.89,0.81,Loss,0.38,-0.86,991.4
23/10/2018 00:00,Long,DOWN,205.85,206.67,207.8,202.14,0.4,0.55,1.8,Loss,0.4,-1.26,987.4
24/10/2018 00:00,Long,DOWN,205.35,205.85,207.95,204.73,0.24,1.02,0.3,Loss,0.24,-1.5,985
25/10/2018 00:00,Long,DOWN,203.93,205.35,205.94,202.88,0.69,0.29,0.51,Loss,0.69,-2.19,978.1
26/10/2018 00:00,Long,UP,204.92,203.84,209,203,0.53,1.99,0.41,Gain,0.53,-1.66,983.4
27/10/2018 00:00,Long,DOWN,204.45,204.92,206.15,203.09,0.23,0.6,0.67,Loss,0.23,-1.89,981.1
28/10/2018 00:00,Long,UP,204.99,204.45,205.94,203.62,0.26,0.46,0.41,Gain,0.26,-1.63,983.7
29/10/2018 00:00,Long,DOWN,196.96,204.99,205.49,195.28,3,0.24,0.85,Loss,3,-4.63,953.7
30/10/2018 00:00,Long,UP,197.27,196.95,198.6,195.91,0.16,0.67,0.53,Gain,0.16,-4.47,955.3
31/10/2018 00:00,Long,UP,198.73,197.24,201.45,193.01,0.75,1.37,2.14,Gain,0.75,-3.72,962.8
01/11/2018 00:00,Short,UP,199.96,198.7,200.95,197.88,0.63,0.5,0.41,Loss,0.63,-4.35,956.5
02/11/2018 00:00,Long,UP,202.35,199.93,203.74,199.34,1.2,0.69,0.3,Gain,1.2,-3.15,968.5
03/11/2018 00:00,Short,DOWN,200.31,202.31,202.69,198.59,0.99,0.19,0.86,Gain,0.99,-2.16,978.4
04/11/2018 00:00,Long,UP,212.11,200.27,218.76,199,5.58,3.14,0.63,Gain,5.58,3.42,1034.2
05/11/2018 00:00,Short,DOWN,210.66,212.13,213.39,207.62,0.69,0.59,1.44,Gain,0.69,4.11,1041.1
06/11/2018 00:00,Long,UP,220.74,210.64,221.25,209.11,4.58,0.23,0.73,Gain,4.58,8.69,1086.9
07/11/2018 00:00,Short,DOWN,219.07,220.77,224.8,217.01,0.77,1.83,0.94,Gain,0.77,9.46,1094.6
08/11/2018 00:00,Long,DOWN,212.79,219.06,220.78,212.49,3,0.79,0.14,Loss,3,6.46,1064.6
09/11/2018 00:00,Long,DOWN,210.77,212.79,215.51,209.1,0.95,1.28,0.79,Loss,0.95,5.51,1055.1
10/11/2018 00:00,Long,UP,213.25,210.78,215.55,209.02,1.16,1.08,0.83,Gain,1.16,6.67,1066.7
11/11/2018 00:00,Long,DOWN,212.54,213.27,213.99,209,0.34,0.34,1.67,Loss,0.34,6.33,1063.3
12/11/2018 00:00,Long,UP,212.89,212.6,214.22,210.9,0.14,0.62,0.8,Gain,0.14,6.47,1064.7
13/11/2018 00:00,Long,DOWN,209.84,212.91,213.8,209.2,1.44,0.42,0.3,Loss,1.44,5.03,1050.3
14/11/2018 00:00,Long,DOWN,187.43,209.84,210.3,176.16,3,0.22,6.01,Loss,3,2.03,1020.3
15/11/2018 00:00,Long,DOWN,184.35,187.43,190,170.99,3,1.37,7.25,Loss,3,-0.97,990.3
16/11/2018 00:00,Short,DOWN,176.89,184.35,185,173,4.05,0.35,2.2,Gain,4.05,3.08,1030.8
17/11/2018 00:00,Long,DOWN,176.2,176.93,177.91,173.94,0.41,0.55,1.28,Loss,0.41,2.67,1026.7
18/11/2018 00:00,Long,UP,178.97,176.2,182.94,176.1,1.55,2.22,0.06,Gain,1.55,4.22,1042.2
19/11/2018 00:00,Long,DOWN,150.81,179.04,179.33,146.47,3,0.16,2.88,Loss,3,1.22,1012.2
20/11/2018 00:00,Long,DOWN,133.82,150.76,154.7,126.95,3,2.61,5.13,Loss,3,-1.78,982.2
21/11/2018 00:00,Short,UP,138.23,133.68,142.01,127.15,3,2.73,4.88,Loss,3,-4.78,952.2
22/11/2018 00:00,Short,DOWN,126.63,138.36,140.4,125.64,8.48,1.47,0.78,Gain,8.48,3.7,1037
23/11/2018 00:00,Long,DOWN,125.02,126.58,128.9,118.56,3,1.83,5.17,Loss,3,0.7,1007
24/11/2018 00:00,Short,DOWN,114.89,125,130.81,112.32,3,4.65,2.24,Loss,3,-2.3,977
25/11/2018 00:00,Long,UP,118.67,114.83,122.35,102.95,3,3.1,10.35,Loss,3,-5.3,947
26/11/2018 00:00,Short,DOWN,110.68,118.65,121.5,106.41,6.72,2.4,3.86,Gain,6.72,1.42,1014.2
27/11/2018 00:00,Short,UP,111.43,110.66,114.31,102.36,3,2.58,7.5,Loss,3,-1.58,984.2
28/11/2018 00:00,Short,UP,122.9,111.38,126.8,111.37,3,3.17,0.01,Loss,3,-4.58,954.2
29/11/2018 00:00,Short,DOWN,117.98,122.88,124,114.78,3.99,0.91,2.71,Gain,3.99,-0.59,994.1
30/11/2018 00:00,Short,DOWN,113.73,117.99,120.26,111.09,3.61,1.92,2.32,Gain,3.61,3.02,1030.2
01/12/2018 00:00,Short,UP,118.1,113.71,120.8,111.35,3,2.29,2.08,Loss,3,0.02,1000.2
02/12/2018 00:00,Short,DOWN,116.57,118.09,120.73,116,1.29,2.24,0.49,Gain,1.29,1.31,1013.1
03/12/2018 00:00,Long,DOWN,108.76,116.63,116.96,106.7,3,0.28,1.89,Loss,3,-1.69,983.1
04/12/2018 00:00,Long,UP,109.94,108.76,113.2,106,1.07,2.97,2.54,Gain,1.07,-0.62,993.8
05/12/2018 00:00,Short,DOWN,102.71,109.92,110.58,102.38,6.56,0.6,0.32,Gain,6.56,5.94,1059.4
06/12/2018 00:00,Long,DOWN,91,102.73,104.68,90.2,3,1.9,0.88,Loss,3,2.94,1029.4
07/12/2018 00:00,Long,UP,93.05,91.18,96.9,82.07,3,4.14,9.99,Loss,3,-0.06,999.4
08/12/2018 00:00,Short,DOWN,90.38,93.06,98,84.55,3,5.31,6.45,Loss,3,-3.06,969.4
09/12/2018 00:00,Short,UP,93.26,90.39,98.7,88.63,3,5.83,1.95,Loss,3,-6.06,939.4
10/12/2018 00:00,Short,DOWN,89.91,93.26,95.21,88.11,3.59,2.09,2,Gain,3.59,-2.47,975.3
11/12/2018 00:00,Long,DOWN,87.76,89.88,91.65,85.83,3,1.97,2.2,Loss,3,-5.47,945.3
12/12/2018 00:00,Short,UP,89.41,87.77,91.31,86.63,3,2.13,1.3,Loss,3,-8.47,915.3
13/12/2018 00:00,Short,DOWN,86.34,89.39,90.71,84.71,3.41,1.48,1.89,Gain,3.41,-5.06,949.4
14/12/2018 00:00,Short,DOWN,83.82,86.35,87.25,82.2,2.93,1.04,1.93,Gain,2.93,-2.13,978.7
15/12/2018 00:00,Short,DOWN,83.76,83.82,85,81.79,0.07,1.41,2.35,Gain,0.07,-2.06,979.4
16/12/2018 00:00,Short,UP,84.67,83.75,87.64,83.73,3,3.51,0.02,Loss,3,-5.06,949.4
17/12/2018 00:00,Short,UP,94.02,84.68,97,84.4,3,3.17,0.33,Loss,3,-8.06,919.4
18/12/2018 00:00,Short,UP,100.39,94.03,101.3,91.34,3,0.91,2.86,Loss,3,-11.06,889.4
19/12/2018 00:00,Short,DOWN,98.74,100.39,107.55,97.75,3,7.13,1,Loss,3,-14.06,859.4
20/12/2018 00:00,Short,UP,114.05,98.73,116,97.88,3,1.71,0.86,Loss,3,-17.06,829.4
21/12/2018 00:00,Short,DOWN,107.69,113.71,118,104.76,3,3.77,2.72,Loss,3,-20.06,799.4
22/12/2018 00:00,Long,UP,115.2,107.67,115.5,105.38,6.54,0.26,2.13,Gain,6.54,-13.52,864.8
23/12/2018 00:00,Short,UP,129.03,115.18,131.94,114.91,3,2.26,0.23,Loss,3,-16.52,834.8
24/12/2018 00:00,Short,UP,138.03,129.03,157.67,128.8,3,14.23,0.18,Loss,3,-19.52,804.8
25/12/2018 00:00,Long,DOWN,127.6,138.01,139.26,119.68,3,0.91,6.21,Loss,3,-22.52,774.8
26/12/2018 00:00,Long,UP,129.35,127.61,135.32,122.51,3,4.62,4,Loss,3,-25.52,744.8
27/12/2018 00:00,Short,DOWN,113.8,129.35,131.09,111.22,12.02,1.35,2.27,Gain,12.02,-13.5,865
28/12/2018 00:00,Long,UP,135.3,113.75,136.66,111.87,15.93,1.01,1.65,Gain,15.93,2.43,1024.3
29/12/2018 00:00,Short,DOWN,132.89,135.3,145.42,128.5,3,7.48,3.3,Loss,3,-0.57,994.3
30/12/2018 00:00,Long,UP,137.77,133,139,127.03,3,0.89,4.49,Loss,3,-3.57,964.3
31/12/2018 00:00,Short,DOWN,131.45,137.81,138.66,128.7,4.62,0.62,2.09,Gain,4.62,1.05,1010.5
01/01/2019 00:00,Long,UP,139.1,131.45,140.67,130,5.5,1.13,1.1,Gain,5.5,6.55,1065.5
02/01/2019 00:00,Short,UP,152.01,139.1,155.37,137.76,3,2.21,0.96,Loss,3,3.55,1035.5
03/01/2019 00:00,Short,DOWN,146.3,152.01,153.64,143.11,3.76,1.07,2.18,Gain,3.76,7.31,1073.1
04/01/2019 00:00,Long,UP,151.97,146.3,154.8,143.54,3.73,1.86,1.89,Gain,3.73,11.04,1110.4
05/01/2019 00:00,Short,UP,152.83,152.08,159.26,151.2,3,4.21,0.58,Loss,3,8.04,1080.4
06/01/2019 00:00,Long,UP,153.86,152.83,157.4,147.51,3,2.3,3.48,Loss,3,5.04,1050.4
07/01/2019 00:00,Short,DOWN,149.34,153.89,155.48,147.86,2.96,1.03,0.99,Gain,2.96,8,1080
08/01/2019 00:00,Long,DOWN,147.6,149.29,151.65,145.2,1.13,1.58,1.63,Loss,1.13,6.87,1068.7
09/01/2019 00:00,Long,UP,148.1,147.62,151.5,146.77,0.32,2.3,0.58,Gain,0.32,7.19,1071.9
10/01/2019 00:00,Long,DOWN,124.95,148.11,149.45,121,3,0.9,3.16,Loss,3,4.19,1041.9
11/01/2019 00:00,Long,DOWN,124.65,124.96,127.36,120.08,3,1.92,3.67,Loss,3,1.19,1011.9
12/01/2019 00:00,Short,DOWN,123.35,124.67,126.19,122,1.06,1.22,1.09,Gain,1.06,2.25,1022.5
13/01/2019 00:00,Short,DOWN,114.16,123.35,124.25,111.87,7.45,0.73,2.01,Gain,7.45,9.7,1097
14/01/2019 00:00,Long,UP,126.95,114.17,130.05,113.94,10.07,2.44,0.2,Gain,10.07,19.77,1197.7
15/01/2019 00:00,Short,DOWN,118.95,126.95,129.4,116,6.3,1.93,2.48,Gain,6.3,26.07,1260.7
16/01/2019 00:00,Long,UP,121.48,118.93,126.88,118.52,2.1,4.45,0.34,Gain,2.1,28.17,1281.7
17/01/2019 00:00,Short,UP,121.54,121.49,122.99,116.8,0.04,1.19,3.86,Loss,0.04,28.13,1281.3
18/01/2019 00:00,Short,DOWN,119.17,121.56,121.98,117.66,1.97,0.35,1.27,Gain,1.97,30.1,1301
19/01/2019 00:00,Long,UP,122.6,119.16,125.29,119.14,2.81,2.19,0.02,Gain,2.81,32.91,1329.1
20/01/2019 00:00,Short,DOWN,117.47,122.61,123.32,115.68,4.19,0.58,1.52,Gain,4.19,37.1,1371
21/01/2019 00:00,Long,DOWN,115.63,117.56,118.5,113.61,3,0.8,1.75,Loss,3,34.1,1341
22/01/2019 00:00,Short,UP,117.81,115.62,119.49,111.39,3,1.43,3.66,Loss,3,31.1,1311
23/01/2019 00:00,Short,DOWN,116.44,117.8,118.95,114.8,1.15,0.98,1.41,Gain,1.15,32.25,1322.5
24/01/2019 00:00,Short,DOWN,116.39,116.4,117.15,113.61,0.01,0.64,2.39,Gain,0.01,32.26,1322.6
25/01/2019 00:00,Short,DOWN,115.11,116.4,117.5,114.3,1.11,0.95,0.7,Gain,1.11,33.37,1333.7
26/01/2019 00:00,Long,UP,115.34,115.13,118,115,0.18,2.31,0.11,Gain,0.18,33.55,1335.5
27/01/2019 00:00,Long,DOWN,112.05,115.32,116.15,111.04,3,0.72,0.9,Loss,3,30.55,1305.5
28/01/2019 00:00,Long,DOWN,105.5,112.04,112.87,100.91,3,0.74,4.35,Loss,3,27.55,1275.5
29/01/2019 00:00,Short,DOWN,104.45,105.49,106.61,102.22,0.99,1.06,2.13,Gain,0.99,28.54,1285.4
30/01/2019 00:00,Short,UP,108.29,104.41,109.8,103.45,3,1.39,0.92,Loss,3,25.54,1255.4
31/01/2019 00:00,Short,DOWN,106.44,108.29,110.61,105.46,1.71,2.14,0.92,Gain,1.71,27.25,1272.5
01/02/2019 00:00,Long,UP,106.73,106.47,108.35,103.77,0.24,1.52,2.54,Gain,0.24,27.49,1274.9
02/02/2019 00:00,Short,UP,110.42,106.71,111.15,106.07,3,0.66,0.6,Loss,3,24.49,1244.9
03/02/2019 00:00,Short,DOWN,107.36,110.41,111.11,105.82,2.76,0.63,1.43,Gain,2.76,27.25,1272.5
04/02/2019 00:00,Long,UP,107.68,107.33,109.3,106.57,0.33,1.5,0.71,Gain,0.33,27.58,1275.8
05/02/2019 00:00,Short,DOWN,107.27,107.65,108.18,106.47,0.35,0.49,0.75,Gain,0.35,27.93,1279.3
06/02/2019 00:00,Short,DOWN,104.5,107.28,107.83,101.21,2.59,0.51,3.15,Gain,2.59,30.52,1305.2
07/02/2019 00:00,Short,DOWN,104.48,104.49,106.18,103.82,0.01,1.62,0.63,Gain,0.01,30.53,1305.3
08/02/2019 00:00,Short,UP,119.25,104.48,123,103.41,3,3.14,1.02,Loss,3,27.53,1275.3
09/02/2019 00:00,Short,DOWN,119.19,119.32,121.99,117.64,0.11,2.24,1.3,Gain,0.11,27.64,1276.4
10/02/2019 00:00,Short,UP,125.12,119.19,126.49,115.81,3,1.09,2.84,Loss,3,24.64,1246.4
11/02/2019 00:00,Short,DOWN,120.89,125.12,125.28,119.24,3.38,0.13,1.36,Gain,3.38,28.02,1280.2
12/02/2019 00:00,Long,UP,122.41,120.88,123.89,118.18,1.25,1.21,2.23,Gain,1.25,29.27,1292.7
13/02/2019 00:00,Short,DOWN,121.86,122.4,126.47,120.7,3,3.33,0.95,Loss,3,26.27,1262.7
14/02/2019 00:00,Long,DOWN,120.42,121.86,124.5,120.1,1.18,2.17,0.27,Loss,1.18,25.09,1250.9
15/02/2019 00:00,Long,UP,121.67,120.47,124.25,120.19,0.99,2.12,0.23,Gain,0.99,26.08,1260.8
16/02/2019 00:00,Short,UP,122.67,121.66,124.99,121.54,0.82,1.89,0.1,Loss,0.82,25.26,1252.6
17/02/2019 00:00,Long,UP,133.75,122.67,135.61,122.43,8.28,1.39,0.2,Gain,8.28,33.54,1335.4
18/02/2019 00:00,Short,UP,145.69,133.77,148.3,132.42,3,1.79,1.01,Loss,3,30.54,1305.4
19/02/2019 00:00,Short,DOWN,143.44,145.69,150,142.36,1.54,2.96,0.75,Gain,1.54,32.08,1320.8
20/02/2019 00:00,Long,UP,148.44,143.45,149.52,139.6,3.36,0.73,2.68,Gain,3.36,35.44,1354.4
21/02/2019 00:00,Short,DOWN,145.69,148.42,149.61,142.7,1.84,0.8,2.05,Gain,1.84,37.28,1372.8
22/02/2019 00:00,Long,UP,147.36,145.68,148.85,143.85,1.14,1.01,1.26,Gain,1.14,38.42,1384.2
23/02/2019 00:00,Short,UP,157.79,147.4,159.6,145.78,3,1.15,1.1,Loss,3,35.42,1354.2
24/02/2019 00:00,Short,DOWN,132.1,157.75,166,131.7,3,5.23,0.3,Loss,3,32.42,1324.2
25/02/2019 00:00,Long,UP,137.87,132.1,141.55,131.89,4.19,2.67,0.16,Gain,4.19,36.61,1366.1
26/02/2019 00:00,Short,DOWN,136.22,137.88,138.41,133.72,1.2,0.38,1.84,Gain,1.2,37.81,1378.1
27/02/2019 00:00,Short,DOWN,135.02,136.22,140.29,126.84,0.88,2.99,6.06,Gain,0.88,38.69,1386.9
28/02/2019 00:00,Short,UP,135.34,135.03,139,132.1,0.23,2.7,2.17,Loss,0.23,38.46,1384.6
01/03/2019 00:00,Short,DOWN,135.32,135.32,137.95,134.9,0,1.94,0.31,Gain,0,38.46,1384.6
02/03/2019 00:00,Long,DOWN,132.56,135.32,136.12,130.03,3,0.59,1.91,Loss,3,35.46,1354.6
03/03/2019 00:00,Long,DOWN,130.6,132.54,134.6,128.01,3,1.55,1.98,Loss,3,32.46,1324.6
04/03/2019 00:00,Long,DOWN,125.65,130.6,131.11,122.6,3,0.39,2.43,Loss,3,29.46,1294.6
05/03/2019 00:00,Long,UP,136.72,125.68,137.84,125.19,8.07,0.82,0.39,Gain,8.07,37.53,1375.3
06/03/2019 00:00,Short,UP,137.4,136.71,140.29,133.33,0.5,2.1,2.47,Loss,0.5,37.03,1370.3
07/03/2019 00:00,Short,DOWN,136.81,137.37,140.2,135.2,0.41,2.06,1.18,Gain,0.41,37.44,1374.4
08/03/2019 00:00,Long,DOWN,133.52,136.82,139.34,130.62,3,1.84,2.17,Loss,3,34.44,1344.4
09/03/2019 00:00,Long,UP,137.27,133.51,138.65,132.93,2.74,1.01,0.43,Gain,2.74,37.18,1371.8
10/03/2019 00:00,Short,DOWN,135.37,137.27,137.5,134,1.38,0.17,1.01,Gain,1.38,38.56,1385.6
11/03/2019 00:00,Long,DOWN,132.67,135.37,136.15,131,3,0.58,1.26,Loss,3,35.56,1355.6
12/03/2019 00:00,Long,UP,133.57,132.67,135.3,130.77,0.67,1.3,1.43,Gain,0.67,36.23,1362.3
13/03/2019 00:00,Short,DOWN,131.65,133.62,133.65,130.58,1.47,0.02,0.81,Gain,1.47,37.7,1377
14/03/2019 00:00,Long,UP,132.2,131.69,135.11,128.52,0.39,2.2,2.41,Gain,0.39,38.09,1380.9
15/03/2019 00:00,Short,UP,136.56,132.24,137.62,132.18,3,0.78,0.05,Loss,3,35.09,1350.9
16/03/2019 00:00,Short,UP,140.92,136.6,144.47,136.51,3,2.52,0.07,Loss,3,32.09,1320.9
17/03/2019 00:00,Short,DOWN,138.67,140.94,141.07,137.2,1.61,0.09,1.06,Gain,1.61,33.7,1337
18/03/2019 00:00,Long,DOWN,137.59,138.67,142.01,136.1,0.78,2.41,1.08,Loss,0.78,32.92,1329.2
19/03/2019 00:00,Long,UP,138.55,137.62,139.38,136.97,0.67,0.6,0.47,Gain,0.67,33.59,1335.9
20/03/2019 00:00,Short,UP,139.01,138.56,139.66,136.01,0.32,0.47,1.84,Loss,0.32,33.27,1332.7
21/03/2019 00:00,Short,DOWN,134.85,139.04,139.55,131.21,3.01,0.37,2.7,Gain,3.01,36.28,1362.8
22/03/2019 00:00,Long,UP,135.98,134.85,137.2,134.29,0.83,0.9,0.42,Gain,0.83,37.11,1371.1
23/03/2019 00:00,Short,UP,137.28,135.92,138.21,135.6,0.99,0.68,0.24,Loss,0.99,36.12,1361.2
24/03/2019 00:00,Short,DOWN,136.09,137.28,137.37,134.75,0.87,0.07,0.98,Gain,0.87,36.99,1369.9
25/03/2019 00:00,Short,DOWN,133.98,136.12,136.83,131.6,1.57,0.52,1.78,Gain,1.57,38.56,1385.6
26/03/2019 00:00,Short,UP,134.18,133.97,134.74,132.27,0.16,0.42,1.27,Loss,0.16,38.4,1384
27/03/2019 00:00,Short,UP,139.45,134.14,140.14,133.84,3,0.49,0.22,Loss,3,35.4,1354
28/03/2019 00:00,Short,DOWN,137.86,139.46,139.57,137.3,1.15,0.08,0.41,Gain,1.15,36.55,1365.5
29/03/2019 00:00,Long,UP,143.25,137.85,143.6,137.62,3.77,0.24,0.17,Gain,3.77,40.32,1403.2
30/03/2019 00:00,Short,DOWN,142.46,143.25,145.89,140.06,0.55,1.84,1.68,Gain,0.55,40.87,1408.7
31/03/2019 00:00,Long,DOWN,141.38,142.44,142.5,140.42,0.74,0.04,0.68,Loss,0.74,40.13,1401.3
01/04/2019 00:00,Long,DOWN,141.24,141.41,143.08,139.57,0.12,1.18,1.18,Loss,0.12,40.01,1400.1
02/04/2019 00:00,Long,UP,163.31,141.24,165.6,141,13.51,1.4,0.17,Gain,13.51,53.52,1535.2
03/04/2019 00:00,Short,DOWN,159.96,163.26,177.81,149.23,3,8.91,6.71,Loss,3,50.52,1505.2
04/04/2019 00:00,Long,DOWN,157.36,159.96,164,152.8,3,2.53,2.9,Loss,3,47.52,1475.2
05/04/2019 00:00,Long,UP,164.77,157.33,167.83,155.94,4.52,1.86,0.88,Gain,4.52,52.04,1520.4
06/04/2019 00:00,Short,UP,165.5,164.84,172.77,159.2,3,4.39,3.42,Loss,3,49.04,1490.4
07/04/2019 00:00,Long,UP,174.21,165.56,175.43,164.06,4.97,0.7,0.91,Gain,4.97,54.01,1540.1
08/04/2019 00:00,Short,UP,178.72,174.29,185.87,170.9,3,4,1.95,Loss,3,51.01,1510.1
09/04/2019 00:00,Long,DOWN,174.6,178.71,179.17,171.05,3,0.26,2.03,Loss,3,48.01,1480.1
10/04/2019 00:00,Long,UP,177.12,174.58,183.77,168,3,3.75,3.77,Loss,3,45.01,1450.1
11/04/2019 00:00,Short,DOWN,164.07,177.12,177.48,158.27,7.37,0.2,3.54,Gain,7.37,52.38,1523.8
12/04/2019 00:00,Long,DOWN,163.19,164.06,166.5,158.11,3,1.49,3.11,Loss,3,49.38,1493.8
13/04/2019 00:00,Short,DOWN,162.99,163.2,165.37,160.74,0.13,1.33,1.38,Gain,0.13,49.51,1495.1
14/04/2019 00:00,Long,UP,167.23,162.99,168.11,161.2,2.54,0.53,1.1,Gain,2.54,52.05,1520.5
15/04/2019 00:00,Short,DOWN,159.95,167.21,168.81,155.7,4.34,0.96,2.66,Gain,4.34,56.39,1563.9
16/04/2019 00:00,Long,UP,165.37,159.91,166.73,159.41,3.3,0.82,0.31,Gain,3.3,59.69,1596.9
17/04/2019 00:00,Short,UP,165.75,165.41,167.28,163.78,0.21,0.92,0.99,Loss,0.21,59.48,1594.8
18/04/2019 00:00,Short,UP,173.33,165.75,175.2,165.04,3,1.08,0.43,Loss,3,56.48,1564.8
19/04/2019 00:00,Short,DOWN,172.64,173.34,173.55,168.59,0.4,0.12,2.35,Gain,0.4,56.88,1568.8
20/04/2019 00:00,Short,UP,172.88,172.66,176.97,169.87,0.13,2.37,1.62,Loss,0.13,56.75,1567.5
21/04/2019 00:00,Long,DOWN,168.59,172.89,173.48,164.82,3,0.34,2.24,Loss,3,53.75,1537.5
22/04/2019 00:00,Long,UP,170.52,168.59,172.3,167,1.13,1.04,0.94,Gain,1.13,54.88,1548.8
23/04/2019 00:00,Short,DOWN,169.16,170.52,175.83,167.78,3,3.11,0.82,Loss,3,51.88,1518.8
24/04/2019 00:00,Long,DOWN,164.78,169.15,169.87,159.26,3,0.43,3.35,Loss,3,48.88,1488.8
25/04/2019 00:00,Short,DOWN,154.72,164.78,165.49,150.35,6.11,0.43,2.82,Gain,6.11,54.99,1549.9
26/04/2019 00:00,Long,UP,157.95,154.7,162.56,151.4,2.06,2.92,2.13,Gain,2.06,57.05,1570.5
27/04/2019 00:00,Short,UP,159.31,157.93,166.24,156.35,3,4.35,1,Loss,3,54.05,1540.5
28/04/2019 00:00,Long,DOWN,157.85,159.32,160.24,156.92,0.92,0.58,0.59,Loss,0.92,53.13,1531.3
29/04/2019 00:00,Long,DOWN,155.11,157.86,159.05,152,3,0.75,2.01,Loss,3,50.13,1501.3
30/04/2019 00:00,Long,UP,161.83,155.14,162.89,155.11,4.13,0.66,0.02,Gain,4.13,54.26,1542.6
01/05/2019 00:00,Short,DOWN,160.19,161.85,163.88,158.36,1.03,1.25,1.14,Gain,1.03,55.29,1552.9
02/05/2019 00:00,Long,UP,161.81,160.2,163.48,158.5,0.99,1.03,1.06,Gain,0.99,56.28,1562.8
03/05/2019 00:00,Short,UP,168.06,161.82,170.86,160.99,3,1.67,0.51,Loss,3,53.28,1532.8
04/05/2019 00:00,Short,DOWN,163.7,168.1,171.3,159.76,2.62,1.9,2.41,Gain,2.62,55.9,1559
05/05/2019 00:00,Long,DOWN,163.05,163.71,165.36,159.18,0.4,1.01,2.37,Loss,0.4,55.5,1555
06/05/2019 00:00,Short,UP,173,163.05,178.05,157.55,3,2.92,3.37,Loss,3,52.5,1525
07/05/2019 00:00,Short,DOWN,169.18,172.98,182.76,167.89,3,5.65,0.76,Loss,3,49.5,1495
08/05/2019 00:00,Long,UP,170.85,169.07,173.17,164.8,1.04,1.36,2.53,Gain,1.04,50.54,1505.4
09/05/2019 00:00,Short,UP,170.9,170.88,173.88,166.57,0.01,1.74,2.52,Loss,0.01,50.53,1505.3
10/05/2019 00:00,Short,UP,172.91,170.96,176.7,168.46,3,2.19,1.46,Loss,3,47.53,1475.3
11/05/2019 00:00,Long,UP,190.2,172.92,205.23,172.92,9.09,7.9,0,Gain,9.09,56.62,1566.2
12/05/2019 00:00,Short,DOWN,188.11,190.2,204.32,181,3,7.42,3.78,Loss,3,53.62,1536.2
13/05/2019 00:00,Long,UP,195.84,188.07,206.87,185.32,3.97,5.63,1.46,Gain,3.97,57.59,1575.9
14/05/2019 00:00,Long,UP,216.4,195.83,219.81,194.19,9.51,1.58,0.84,Gain,9.51,67.1,1671
15/05/2019 00:00,Short,UP,248.1,216.4,250.27,216.21,3,0.87,0.09,Loss,3,64.1,1641
16/05/2019 00:00,Short,UP,264.25,248.06,279.76,241.76,3,5.87,2.54,Loss,3,61.1,1611
17/05/2019 00:00,Long,DOWN,244.3,264.35,268.74,223.43,3,1.66,8.54,Loss,3,58.1,1581
18/05/2019 00:00,Long,DOWN,233.6,244.31,248,230.62,3,1.51,1.28,Loss,3,55.1,1551
19/05/2019 00:00,Long,UP,259.51,233.57,264,231.77,10,1.73,0.77,Gain,10,65.1,1651
20/05/2019 00:00,Short,DOWN,250.37,259.37,259.49,238,3.47,0.05,4.94,Gain,3.47,68.57,1685.7
21/05/2019 00:00,Long,UP,253.43,250.48,262,246.06,1.16,3.38,1.76,Gain,1.16,69.73,1697.3
22/05/2019 00:00,Long,DOWN,243.64,253.35,260.18,239.63,3,2.7,1.65,Loss,3,66.73,1667.3
23/05/2019 00:00,Long,UP,244.56,243.68,247.34,231.1,3,1.14,5.16,Loss,3,63.73,1637.3
24/05/2019 00:00,Short,UP,248.87,244.63,254.35,241.54,3,2.2,1.26,Loss,3,60.73,1607.3
25/05/2019 00:00,Long,UP,250.22,248.84,257.33,247.22,0.55,2.84,0.65,Gain,0.55,61.28,1612.8
26/05/2019 00:00,Long,UP,264.45,250.17,269.4,245.11,5.4,1.87,2.02,Gain,5.4,66.68,1666.8
27/05/2019 00:00,Short,UP,270.53,264.35,279.59,260,3,3.35,1.65,Loss,3,63.68,1636.8
28/05/2019 00:00,Long,UP,271.03,270.7,275.95,264.45,0.12,1.82,2.31,Gain,0.12,63.8,1638
29/05/2019 00:00,Long,DOWN,268.83,271.08,274.04,260.05,3,1.09,3.27,Loss,3,60.8,1608
30/05/2019 00:00,Short,DOWN,254.56,268.92,288.62,240.14,3,7.33,5.66,Loss,3,57.8,1578
31/05/2019 00:00,Long,UP,267.9,254.59,268.72,245.21,3,0.31,3.68,Loss,3,54.8,1548
01/06/2019 00:00,Short,DOWN,264.33,267.9,275.5,260.68,1.33,2.84,1.38,Gain,1.33,56.13,1561.3
02/06/2019 00:00,Long,UP,268.88,264.33,273.2,263.2,1.69,1.61,0.43,Gain,1.69,57.82,1578.2
03/06/2019 00:00,Short,DOWN,249.91,268.87,270,248,7.05,0.42,0.76,Gain,7.05,64.87,1648.7
04/06/2019 00:00,Long,DOWN,241.39,250.02,251.67,234.39,3,0.66,2.9,Loss,3,61.87,1618.7
05/06/2019 00:00,Long,UP,245.63,241.46,250.41,237.37,1.7,1.95,1.69,Gain,1.7,63.57,1635.7
06/06/2019 00:00,Short,UP,248.76,245.62,250.66,235.01,1.26,0.76,4.32,Loss,1.26,62.31,1623.1
07/06/2019 00:00,Short,DOWN,248.77,248.77,253.28,243.46,0,1.81,2.13,Gain,0,62.31,1623.1
08/06/2019 00:00,Long,DOWN,243.25,248.78,250.53,240.37,3,0.7,1.18,Loss,3,59.31,1593.1
09/06/2019 00:00,Long,DOWN,230.98,243.33,244.53,226.56,3,0.49,1.91,Loss,3,56.31,1563.1
10/06/2019 00:00,Long,UP,246.51,231.02,247.45,227.03,6.28,0.38,1.73,Gain,6.28,62.59,1625.9
11/06/2019 00:00,Short,DOWN,244.29,246.61,247.8,236.49,0.94,0.48,3.19,Gain,0.94,63.53,1635.3
12/06/2019 00:00,Short,UP,261.15,244.36,261.87,242.2,3,0.28,0.88,Loss,3,60.53,1605.3
13/06/2019 00:00,Short,DOWN,254.67,261.13,262.98,253.69,2.47,0.71,0.38,Gain,2.47,63,1630
14/06/2019 00:00,Long,UP,262.47,254.67,264.26,251.75,2.97,0.68,1.15,Gain,2.97,65.97,1659.7
15/06/2019 00:00,Short,UP,267.82,262.48,272.27,260.61,3,1.66,0.71,Loss,3,62.97,1629.7
16/06/2019 00:00,Short,DOWN,267.73,267.78,277.06,263.31,3,3.47,1.65,Loss,3,59.97,1599.7
17/06/2019 00:00,Long,UP,273.16,267.73,276,266.81,1.99,1.04,0.34,Gain,1.99,61.96,1619.6
18/06/2019 00:00,Short,DOWN,264.66,273.14,273.58,261.45,3.1,0.16,1.21,Gain,3.1,65.06,1650.6
19/06/2019 00:00,Long,UP,268.14,264.68,270,263.59,1.29,0.69,0.41,Gain,1.29,66.35,1663.5
20/06/2019 00:00,Short,UP,271.22,268.16,273.63,265.71,1.13,0.89,0.91,Loss,1.13,65.22,1652.2
21/06/2019 00:00,Short,UP,294.35,271.27,295.94,271.22,3,0.54,0.02,Loss,3,62.22,1622.2
22/06/2019 00:00,Short,UP,310.79,294.25,314.39,289.69,3,1.16,1.55,Loss,3,59.22,1592.2
23/06/2019 00:00,Short,DOWN,308.52,310.7,321.7,305.58,3,3.54,0.95,Loss,3,56.22,1562.2
24/06/2019 00:00,Long,UP,311.64,308.42,314.41,298,3,0.89,3.38,Loss,3,53.22,1532.2
25/06/2019 00:00,Short,UP,318.26,311.65,318.99,307,2.08,0.23,1.49,Loss,2.08,51.14,1511.4
26/06/2019 00:00,Short,UP,339.39,318.29,366.8,315.57,3,8.08,0.85,Loss,3,48.14,1481.4
27/06/2019 00:00,Long,DOWN,298.35,339.53,347,280.01,3,2.2,6.15,Loss,3,45.14,1451.4
28/06/2019 00:00,Long,UP,311.05,298.35,313.58,295.22,4.08,0.81,1.05,Gain,4.08,49.22,1492.2
29/06/2019 00:00,Short,UP,317.62,310.95,324.74,295.18,3,2.24,5.07,Loss,3,46.22,1462.2
30/06/2019 00:00,Short,DOWN,292.7,317.64,323.5,290.12,7.85,1.84,0.88,Gain,7.85,54.07,1540.7
01/07/2019 00:00,Long,UP,295.07,292.89,303.49,280.13,3,2.85,4.36,Loss,3,51.07,1510.7
02/07/2019 00:00,Short,DOWN,291.48,295.03,297.57,272.65,1.2,0.86,6.46,Gain,1.2,52.27,1522.7
03/07/2019 00:00,Short,UP,301.14,291.47,302.89,285,3,0.58,2.22,Loss,3,49.27,1492.7
04/07/2019 00:00,Short,DOWN,282.73,301.11,302.74,280.53,6.1,0.54,0.78,Gain,6.1,55.37,1553.7
05/07/2019 00:00,Long,UP,287.47,282.86,294.89,280.78,1.6,2.58,0.74,Gain,1.6,56.97,1569.7
06/07/2019 00:00,Long,UP,288.29,287.32,296.71,285.28,0.34,2.92,0.71,Gain,0.34,57.31,1573.1
07/07/2019 00:00,Long,UP,304.72,288.29,309.69,284.25,5.39,1.63,1.4,Gain,5.39,62.7,1627
08/07/2019 00:00,Short,UP,311.97,304.72,313.74,300.78,2.32,0.57,1.29,Loss,2.32,60.38,1603.8
09/07/2019 00:00,Short,DOWN,307.46,311.96,318.19,302.69,1.44,2,1.55,Gain,1.44,61.82,1618.2
10/07/2019 00:00,Long,DOWN,289.23,307.46,314.18,281.04,3,2.19,2.83,Loss,3,58.82,1588.2
11/07/2019 00:00,Long,DOWN,268.63,289.23,289.23,262.12,3,0,2.42,Loss,3,55.82,1558.2
12/07/2019 00:00,Long,UP,274.62,268.67,278.99,266.21,2.17,1.59,0.92,Gain,2.17,57.99,1579.9
13/07/2019 00:00,Short,DOWN,268.79,274.53,275.04,262.2,2.09,0.19,2.45,Gain,2.09,60.08,1600.8
14/07/2019 00:00,Long,DOWN,225.85,268.8,269.74,222.81,3,0.35,1.35,Loss,3,57.08,1570.8
15/07/2019 00:00,Long,UP,228.2,225.83,235.58,203.08,3,3.23,10.07,Loss,3,54.08,1540.8
16/07/2019 00:00,Short,DOWN,198.88,228.2,234.5,192.25,12.85,2.76,3.33,Gain,12.85,66.93,1669.3
17/07/2019 00:00,Long,UP,210.81,198.94,219.86,191.84,3,4.29,3.57,Loss,3,63.93,1639.3
18/07/2019 00:00,Short,UP,225.73,210.8,229.65,205.71,3,1.74,2.41,Loss,3,60.93,1609.3
19/07/2019 00:00,Short,DOWN,220.73,225.75,226.23,212.52,2.22,0.21,3.72,Gain,2.22,63.15,1631.5
20/07/2019 00:00,Short,UP,228.2,220.84,235.09,219.78,3,3.02,0.48,Loss,3,60.15,1601.5
21/07/2019 00:00,Short,DOWN,225.38,228.25,229.66,216.99,1.26,0.62,3.72,Gain,1.26,61.41,1614.1
22/07/2019 00:00,Short,DOWN,217.51,225.49,228.34,212.25,3.54,1.26,2.42,Gain,3.54,64.95,1649.5
23/07/2019 00:00,Long,DOWN,212.48,217.59,219.55,208.36,3,0.9,1.94,Loss,3,61.95,1619.5
24/07/2019 00:00,Long,UP,216.31,212.55,218.28,202,3,0.91,4.96,Loss,3,58.95,1589.5
25/07/2019 00:00,Short,UP,219.14,216.31,225.12,215.23,3,2.73,0.5,Loss,3,55.95,1559.5
26/07/2019 00:00,Long,DOWN,218.81,219.14,220,212.71,0.15,0.39,2.79,Loss,0.15,55.8,1558
27/07/2019 00:00,Short,DOWN,207.3,218.81,223.3,203,5.26,2.05,2.07,Gain,5.26,61.06,1610.6
28/07/2019 00:00,Long,UP,211.62,207.3,213.52,198.24,3,0.9,4.37,Loss,3,58.06,1580.6
29/07/2019 00:00,Short,DOWN,210.89,211.58,215.83,206.59,0.33,2.01,2.04,Gain,0.33,58.39,1583.9
30/07/2019 00:00,Long,DOWN,209.58,210.84,214.36,204.4,3,1.67,2.47,Loss,3,55.39,1553.9
31/07/2019 00:00,Short,UP,218.42,209.57,218.79,209.2,3,0.17,0.18,Loss,3,52.39,1523.9
01/08/2019 00:00,Short,DOWN,216.84,218.42,219.39,210.54,0.72,0.44,2.91,Gain,0.72,53.11,1531.1
02/08/2019 00:00,Short,UP,217.61,216.8,222.18,214.31,0.37,2.1,1.15,Loss,0.37,52.74,1527.4
03/08/2019 00:00,Long,UP,222.14,217.69,224.51,216.62,2,1.07,0.49,Gain,2,54.74,1547.4
04/08/2019 00:00,Short,DOWN,221.79,222.14,223.34,216.9,0.16,0.54,2.2,Gain,0.16,54.9,1549
05/08/2019 00:00,Short,UP,233.54,221.79,236.25,221.79,3,1.16,0,Loss,3,51.9,1519
06/08/2019 00:00,Short,DOWN,226.28,233.53,239.15,223.03,3.1,2.41,1.44,Gain,3.1,55,1550
07/08/2019 00:00,Long,DOWN,226.1,226.31,231.25,220.95,0.09,2.18,2.28,Loss,0.09,54.91,1549.1
08/08/2019 00:00,Short,DOWN,221.39,226.11,228.5,215.51,2.09,1.06,2.66,Gain,2.09,57,1570
09/08/2019 00:00,Long,DOWN,210.53,221.38,221.79,207.3,3,0.19,1.53,Loss,3,54,1540
10/08/2019 00:00,Long,DOWN,206.48,210.52,215,202.6,3,2.13,1.88,Loss,3,51,1510
11/08/2019 00:00,Long,UP,216.42,206.48,216.94,206.14,4.59,0.24,0.16,Gain,4.59,55.59,1555.9
12/08/2019 00:00,Short,DOWN,211.41,216.41,216.81,209.75,2.31,0.18,0.79,Gain,2.31,57.9,1579
13/08/2019 00:00,Long,DOWN,209.3,211.58,214.3,204,3,1.29,2.53,Loss,3,54.9,1549
14/08/2019 00:00,Long,DOWN,187.1,209.31,209.9,183.49,3,0.28,1.93,Loss,3,51.9,1519
15/08/2019 00:00,Long,UP,188.03,187.08,189.95,181.23,3,1.02,3.13,Loss,3,48.9,1489
16/08/2019 00:00,Short,DOWN,184.88,187.98,188.39,178.04,1.65,0.22,3.7,Gain,1.65,50.55,1505.5
17/08/2019 00:00,Short,UP,185.59,184.83,187,181.83,0.41,0.76,1.62,Loss,0.41,50.14,1501.4
18/08/2019 00:00,Short,UP,194.33,185.67,197.91,183.35,3,1.84,1.25,Loss,3,47.14,1471.4
19/08/2019 00:00,Short,UP,202.28,194.32,203.59,192.7,3,0.65,0.83,Loss,3,44.14,1441.4
20/08/2019 00:00,Short,DOWN,196.6,202.24,202.75,194.45,2.79,0.25,1.09,Gain,2.79,46.93,1469.3
21/08/2019 00:00,Long,DOWN,187.45,196.55,197.2,179.53,3,0.33,4.23,Loss,3,43.93,1439.3
22/08/2019 00:00,Long,UP,190.35,187.45,195.14,182.8,1.52,2.52,2.48,Gain,1.52,45.45,1454.5
23/08/2019 00:00,Short,UP,194.02,190.36,196.19,188.16,3,1.12,1.16,Loss,3,42.45,1424.5
24/08/2019 00:00,Short,DOWN,190.6,194.02,194.09,185.63,1.76,0.04,2.61,Gain,1.76,44.21,1442.1
25/08/2019 00:00,Short,DOWN,186.54,190.6,192.4,182.8,2.13,0.94,2,Gain,2.13,46.34,1463.4
26/08/2019 00:00,Long,UP,188.67,186.54,193.7,186,1.13,2.67,0.29,Gain,1.13,47.47,1474.7
27/08/2019 00:00,Long,DOWN,187.24,188.61,189.49,184.75,0.73,0.47,1.33,Loss,0.73,46.74,1467.4
28/08/2019 00:00,Short,DOWN,173.03,187.3,188.25,166.48,7.62,0.51,3.79,Gain,7.62,54.36,1543.6
29/08/2019 00:00,Long,DOWN,169.01,173.03,173.5,163.61,3,0.27,3.2,Loss,3,51.36,1513.6
30/08/2019 00:00,Short,DOWN,168.5,169.03,170.77,165.55,0.31,1.03,1.75,Gain,0.31,51.67,1516.7
31/08/2019 00:00,Short,UP,171.57,168.48,174.98,165.63,3,1.99,1.69,Loss,3,48.67,1486.7
01/09/2019 00:00,Short,DOWN,170.74,171.52,173.42,167.61,0.45,1.11,1.83,Gain,0.45,49.12,1491.2
02/09/2019 00:00,Long,UP,178.05,170.73,181,170.02,4.11,1.66,0.42,Gain,4.11,53.23,1532.3
03/09/2019 00:00,Short,UP,178.75,178,183,174.09,0.42,2.38,2.2,Loss,0.42,52.81,1528.1
04/09/2019 00:00,Short,DOWN,174.72,178.79,180.14,173,2.28,0.76,0.98,Gain,2.28,55.09,1550.9
05/09/2019 00:00,Long,DOWN,173.75,174.7,176.19,168.1,3,0.85,3.25,Loss,3,52.09,1520.9
06/09/2019 00:00,Short,DOWN,169.08,173.74,177.87,165,2.68,2.38,2.41,Gain,2.68,54.77,1547.7
07/09/2019 00:00,Long,UP,177.62,169.11,180.8,168.3,4.79,1.79,0.48,Gain,4.79,59.56,1595.6
08/09/2019 00:00,Short,UP,181.19,177.58,184.18,176.13,3,1.65,0.82,Loss,3,56.56,1565.6
09/09/2019 00:00,Short,DOWN,180.54,181.18,185.38,176.01,0.35,2.32,2.51,Gain,0.35,56.91,1569.1
10/09/2019 00:00,Long,DOWN,179.81,180.52,184.36,177,0.39,2.13,1.56,Loss,0.39,56.52,1565.2
11/09/2019 00:00,Long,DOWN,178.28,179.87,182.8,173,3,1.63,2.96,Loss,3,53.52,1535.2
12/09/2019 00:00,Short,UP,180.72,178.3,182.38,176.62,1.34,0.92,0.94,Loss,1.34,52.18,1521.8
13/09/2019 00:00,Short,UP,180.95,180.71,181.38,177.54,0.13,0.24,1.75,Loss,0.13,52.05,1520.5
14/09/2019 00:00,Short,UP,188.13,180.96,188.79,179.75,3,0.35,0.67,Loss,3,49.05,1490.5
15/09/2019 00:00,Short,UP,189.03,188.14,190.45,185.76,0.47,0.75,1.27,Loss,0.47,48.58,1485.8
16/09/2019 00:00,Short,UP,197.22,189.05,199.44,188.3,3,1.13,0.4,Loss,3,45.58,1455.8
17/09/2019 00:00,Short,UP,207.84,197.23,215.13,195.74,3,3.51,0.76,Loss,3,42.58,1425.8
18/09/2019 00:00,Short,UP,210.21,207.85,217.27,207.66,3,3.36,0.09,Loss,3,39.58,1395.8
19/09/2019 00:00,Long,UP,220.24,210.27,223.94,202.3,3,1.68,3.79,Loss,3,36.58,1365.8
20/09/2019 00:00,Short,DOWN,218.03,220.26,221.54,212.05,1.01,0.58,2.74,Gain,1.01,37.59,1375.9
21/09/2019 00:00,Long,DOWN,215.05,218.01,221.5,213.2,1.36,1.6,0.86,Loss,1.36,36.23,1362.3
22/09/2019 00:00,Long,DOWN,211.2,215.04,215.61,206.1,3,0.27,2.41,Loss,3,33.23,1332.3
23/09/2019 00:00,Long,DOWN,201.29,211.2,211.68,198.65,3,0.23,1.31,Loss,3,30.23,1302.3
24/09/2019 00:00,Long,DOWN,165.81,201.25,202.98,150.03,3,0.86,9.52,Loss,3,27.23,1272.3
25/09/2019 00:00,Long,UP,169.96,165.72,174.85,161.88,2.49,2.88,2.32,Gain,2.49,29.72,1297.2
26/09/2019 00:00,Short,DOWN,165.92,169.96,171.01,152.11,2.38,0.62,8.32,Gain,2.38,32.1,1321
27/09/2019 00:00,Short,UP,173.79,165.92,176.72,161.03,3,1.69,2.95,Loss,3,29.1,1291
28/09/2019 00:00,Short,DOWN,173.49,173.83,175.49,168,0.2,0.95,3.16,Gain,0.2,29.3,1293
29/09/2019 00:00,Short,DOWN,169.24,173.5,174.5,164.12,2.46,0.58,3.03,Gain,2.46,31.76,1317.6
30/09/2019 00:00,Long,UP,180.85,169.26,181.24,165.01,6.41,0.22,2.51,Gain,6.41,38.17,1381.7
01/10/2019 00:00,Short,DOWN,175.66,180.89,185.53,173.19,2.89,2.57,1.41,Gain,2.89,41.06,1410.6
02/10/2019 00:00,Long,UP,180.24,175.65,181.29,173.65,2.55,0.58,1.14,Gain,2.55,43.61,1436.1
03/10/2019 00:00,Short,DOWN,174.69,180.24,180.72,169.55,3.08,0.27,2.94,Gain,3.08,46.69,1466.9
04/10/2019 00:00,Long,UP,175.55,174.71,178.98,170.74,0.48,1.95,2.27,Gain,0.48,47.17,1471.7
05/10/2019 00:00,Short,UP,176.25,175.55,176.71,172.02,0.4,0.26,2.01,Loss,0.4,46.77,1467.7
06/10/2019 00:00,Short,DOWN,170.1,176.23,177.04,167.68,3.48,0.46,1.42,Gain,3.48,50.25,1502.5
07/10/2019 00:00,Long,UP,179.85,170.08,182.32,168.68,5.43,1.37,0.82,Gain,5.43,55.68,1556.8
08/10/2019 00:00,Short,UP,180.6,179.88,184.87,177,0.4,2.36,1.6,Loss,0.4,55.28,1552.8
09/10/2019 00:00,Long,UP,192.62,180.61,195.53,178.96,6.24,1.51,0.91,Gain,6.24,61.52,1615.2
10/10/2019 00:00,Short,DOWN,191.14,192.61,194.2,186.88,0.76,0.83,2.23,Gain,0.76,62.28,1622.8
11/10/2019 00:00,Short,DOWN,180.72,191.18,196.65,179.41,5.47,2.86,0.72,Gain,5.47,67.75,1677.5
12/10/2019 00:00,Long,DOWN,179.68,180.65,184.64,177.59,0.54,2.21,1.16,Loss,0.54,67.21,1672.1
13/10/2019 00:00,Long,UP,180.99,179.65,184.95,178.52,0.74,2.19,0.63,Gain,0.74,67.95,1679.5
14/10/2019 00:00,Long,UP,186.72,180.98,187.54,180.43,3.07,0.44,0.3,Gain,3.07,71.02,1710.2
15/10/2019 00:00,Short,DOWN,180.49,186.7,188.37,175.96,3.33,0.89,2.51,Gain,3.33,74.35,1743.5
16/10/2019 00:00,Long,DOWN,174.47,180.52,181.44,171.81,3,0.51,1.52,Loss,3,71.35,1713.5
17/10/2019 00:00,Long,UP,177.16,174.52,178.96,172.61,1.49,1.02,1.09,Gain,1.49,72.84,1728.4
18/10/2019 00:00,Short,DOWN,172.74,177.17,177.44,168.66,2.5,0.15,2.36,Gain,2.5,75.34,1753.4
19/10/2019 00:00,Long,DOWN,171.79,172.78,174.98,169.44,0.57,1.27,1.37,Loss,0.57,74.77,1747.7
20/10/2019 00:00,Long,UP,175.22,171.84,176.88,169.21,1.93,0.95,1.53,Gain,1.93,76.7,1767
21/10/2019 00:00,Short,DOWN,173.98,175.18,177.9,171.59,0.69,1.55,1.37,Gain,0.69,77.39,1773.9
22/10/2019 00:00,Long,DOWN,171.2,174,175.04,170.3,1.61,0.6,0.53,Loss,1.61,75.78,1757.8
23/10/2019 00:00,Long,DOWN,162.35,171.19,171.49,153.45,3,0.18,5.48,Loss,3,72.78,1727.8
24/10/2019 00:00,Long,DOWN,160.38,162.35,163.72,158.72,1.21,0.84,1.04,Loss,1.21,71.57,1715.7
25/10/2019 00:00,Long,UP,181.5,160.39,187.78,160.25,11.63,3.46,0.09,Gain,11.63,83.2,1832
26/10/2019 00:00,Short,DOWN,179.49,181.53,197.74,173.8,3,8.93,3.17,Loss,3,80.2,1802
27/10/2019 00:00,Long,UP,183.75,179.42,188.7,176.22,2.36,2.69,1.78,Gain,2.36,82.56,1825.6
28/10/2019 00:00,Short,DOWN,181.72,183.84,189.48,180.35,3,3.07,0.75,Loss,3,79.56,1795.6
29/10/2019 00:00,Long,UP,190.46,181.67,192.74,181.26,4.62,1.2,0.23,Gain,4.62,84.18,1841.8
30/10/2019 00:00,Short,DOWN,183.13,190.45,191.71,179.28,3.84,0.66,2.1,Gain,3.84,88.02,1880.2
31/10/2019 00:00,Long,DOWN,182.18,183.14,185.27,177.66,3,1.16,2.48,Loss,3,85.02,1850.2
01/11/2019 00:00,Short,UP,182.85,182.19,184.5,177.02,0.36,0.9,2.84,Loss,0.36,84.66,1846.6
02/11/2019 00:00,Short,UP,182.91,182.86,186,181.53,0.03,1.69,0.73,Loss,0.03,84.63,1846.3
03/11/2019 00:00,Long,DOWN,181.54,182.9,184.7,178.95,0.74,0.98,1.43,Loss,0.74,83.89,1838.9
04/11/2019 00:00,Long,UP,185.71,181.53,188.64,180.36,2.25,1.58,0.64,Gain,2.25,86.14,1861.4
05/11/2019 00:00,Short,UP,188.68,185.71,192.51,182.22,3,2.03,1.88,Loss,3,83.14,1831.4
06/11/2019 00:00,Short,UP,191.16,188.65,195.09,187.72,3,2.06,0.49,Loss,3,80.14,1801.4
07/11/2019 00:00,Short,DOWN,186.68,191.16,192.27,184.59,2.34,0.58,1.12,Gain,2.34,82.48,1824.8
08/11/2019 00:00,Long,DOWN,183.74,186.67,188.26,181.41,1.57,0.85,1.27,Loss,1.57,80.91,1809.1
09/11/2019 00:00,Long,UP,184.89,183.71,185.79,182.63,0.64,0.49,0.59,Gain,0.64,81.55,1815.5
10/11/2019 00:00,Short,UP,188.96,184.86,191.58,183.3,3,1.39,0.84,Loss,3,78.55,1785.5
11/11/2019 00:00,Short,DOWN,184.98,188.96,190.19,184.06,2.11,0.65,0.5,Gain,2.11,80.66,1806.6
12/11/2019 00:00,Long,UP,187.09,184.98,187.65,182.41,1.13,0.3,1.39,Gain,1.13,81.79,1817.9
13/11/2019 00:00,Short,UP,188.11,187.09,189.66,185.3,0.54,0.82,0.96,Loss,0.54,81.25,1812.5
14/11/2019 00:00,Short,DOWN,184.92,188.07,188.72,183.34,1.67,0.35,0.85,Gain,1.67,82.92,1829.2
15/11/2019 00:00,Long,DOWN,180,184.93,186.7,177.67,3,0.96,1.29,Loss,3,79.92,1799.2
16/11/2019 00:00,Long,UP,182.37,179.99,183.46,179.3,1.31,0.6,0.38,Gain,1.31,81.23,1812.3
17/11/2019 00:00,Short,UP,183.82,182.37,186.09,180,0.79,1.23,1.3,Loss,0.79,80.44,1804.4
18/11/2019 00:00,Short,DOWN,178.2,183.82,184.06,175.01,3.06,0.13,1.79,Gain,3.06,83.5,1835
19/11/2019 00:00,Long,DOWN,175.94,178.2,178.52,172.65,3,0.18,1.87,Loss,3,80.5,1805
20/11/2019 00:00,Short,DOWN,174.72,175.93,177.41,173.5,0.69,0.84,0.7,Gain,0.69,81.19,1811.9
21/11/2019 00:00,Long,DOWN,161.01,174.75,175.85,157.26,3,0.63,2.33,Loss,3,78.19,1781.9
22/11/2019 00:00,Long,DOWN,149.56,161.02,162.79,138,3,1.1,7.73,Loss,3,75.19,1751.9
23/11/2019 00:00,Short,UP,151.84,149.55,154.33,146.11,3,1.64,2.3,Loss,3,72.19,1721.9
24/11/2019 00:00,Short,DOWN,139.96,151.84,152.86,138.62,7.82,0.67,0.96,Gain,7.82,80.01,1800.1
25/11/2019 00:00,Long,UP,145.69,139.99,151.5,131.45,3,3.99,6.1,Loss,3,77.01,1770.1
26/11/2019 00:00,Short,UP,147.47,145.81,149.97,143.37,1.13,1.7,1.67,Loss,1.13,75.88,1758.8
27/11/2019 00:00,Short,UP,152.62,147.47,155.54,140.84,3,1.91,4.5,Loss,3,72.88,1728.8
28/11/2019 00:00,Short,DOWN,150.72,152.61,154.63,149.09,1.24,1.32,1.08,Gain,1.24,74.12,1741.2
29/11/2019 00:00,Long,UP,154.57,150.69,157.6,150.23,2.51,1.96,0.31,Gain,2.51,76.63,1766.3
30/11/2019 00:00,Short,DOWN,151.37,154.54,155.25,149.7,2.05,0.46,1.1,Gain,2.05,78.68,1786.8
01/12/2019 00:00,Long,DOWN,150.73,151.43,152.49,145.79,3,0.7,3.28,Loss,3,75.68,1756.8
02/12/2019 00:00,Short,DOWN,148.65,150.72,151.42,146.71,1.37,0.46,1.31,Gain,1.37,77.05,1770.5
03/12/2019 00:00,Long,DOWN,147.17,148.66,149.93,145.77,1,0.85,0.95,Loss,1,76.05,1760.5
04/12/2019 00:00,Long,DOWN,145.38,147.19,151.98,143.15,1.23,3.25,1.53,Loss,1.23,74.82,1748.2
05/12/2019 00:00,Long,UP,148.1,145.45,149.02,143.64,1.79,0.62,1.24,Gain,1.79,76.61,1766.1
06/12/2019 00:00,Short,UP,148.45,148.11,149.77,145.74,0.23,0.89,1.6,Loss,0.23,76.38,1763.8
07/12/2019 00:00,Short,DOWN,147.14,148.46,149.49,146.85,0.89,0.69,0.2,Gain,0.89,77.27,1772.7
08/12/2019 00:00,Long,UP,150.44,147.16,151.62,146.11,2.18,0.78,0.71,Gain,2.18,79.45,1794.5
09/12/2019 00:00,Short,DOWN,147.38,150.44,151.19,146.56,2.03,0.5,0.56,Gain,2.03,81.48,1814.8
10/12/2019 00:00,Long,DOWN,145.56,147.4,148.57,143.81,1.25,0.79,1.2,Loss,1.25,80.23,1802.3
11/12/2019 00:00,Long,DOWN,143.39,145.53,146.34,142.12,1.47,0.56,0.89,Loss,1.47,78.76,1787.6
12/12/2019 00:00,Long,UP,144.87,143.41,145.85,139.24,1.01,0.68,2.91,Gain,1.01,79.77,1797.7
13/12/2019 00:00,Short,DOWN,144.8,144.87,146,142.8,0.05,0.78,1.38,Gain,0.05,79.82,1798.2
14/12/2019 00:00,Short,DOWN,141.79,144.8,145.07,141.18,2.08,0.19,0.43,Gain,2.08,81.9,1819
15/12/2019 00:00,Long,UP,142.46,141.79,144.12,139.92,0.47,1.17,1.32,Gain,0.47,82.37,1823.7
16/12/2019 00:00,Short,DOWN,132.73,142.46,142.72,127.93,6.83,0.18,3.62,Gain,6.83,89.2,1892
17/12/2019 00:00,Long,DOWN,121.88,132.72,132.98,119.11,3,0.2,2.27,Loss,3,86.2,1862
18/12/2019 00:00,Long,UP,132.78,121.88,134.87,116.26,3,1.57,4.61,Loss,3,83.2,1832
19/12/2019 00:00,Short,DOWN,128.1,132.8,134,125.69,3.54,0.9,1.88,Gain,3.54,86.74,1867.4
20/12/2019 00:00,Long,UP,128.19,128.1,129.39,125.84,0.07,0.94,1.76,Gain,0.07,86.81,1868.1
21/12/2019 00:00,Short,DOWN,126.99,128.19,128.4,126.5,0.94,0.16,0.39,Gain,0.94,87.75,1877.5
22/12/2019 00:00,Long,UP,132.09,127,133.07,126.82,3.85,0.74,0.14,Gain,3.85,91.6,1916
23/12/2019 00:00,Short,DOWN,127.8,132.12,135.1,126,3.27,2.26,1.41,Gain,3.27,94.87,1948.7
24/12/2019 00:00,Long,DOWN,127.75,127.8,129.69,126.61,0.04,1.48,0.89,Loss,0.04,94.83,1948.3
25/12/2019 00:00,Long,DOWN,125.09,127.7,127.84,123.07,3,0.11,1.61,Loss,3,91.83,1918.3
26/12/2019 00:00,Long,UP,125.58,125.09,132.26,124.32,0.39,5.32,0.62,Gain,0.39,92.22,1922.2
27/12/2019 00:00,Long,UP,126.29,125.58,127.1,121.91,0.56,0.64,2.92,Gain,0.56,92.78,1927.8
28/12/2019 00:00,Short,UP,128.11,126.28,129.68,125.84,1.43,1.23,0.35,Loss,1.43,91.35,1913.5
29/12/2019 00:00,Short,UP,134.36,128.11,138.07,127.52,3,2.76,0.46,Loss,3,88.35,1883.5
30/12/2019 00:00,Short,DOWN,131.59,134.36,136.24,130.3,2.06,1.4,0.98,Gain,2.06,90.41,1904.1
31/12/2019 00:00,Long,DOWN,129.16,131.61,133.68,128.17,1.86,1.57,0.77,Loss,1.86,88.55,1885.5
01/01/2020 00:00,Long,UP,130.77,129.16,133.05,128.68,1.23,1.74,0.37,Gain,1.23,89.78,1897.8
01/01/2020 00:00,Long,UP,130.77,129.16,133.05,128.68,1.23,1.74,0.37,Gain,1.23,91.01,1910.1
02/01/2020 00:00,Short,DOWN,127.19,130.72,130.78,126.38,2.7,0.05,0.64,Gain,2.7,93.71,1937.1
03/01/2020 00:00,Long,UP,134.35,127.19,135.14,125.88,5.33,0.59,1.03,Gain,5.33,99.04,1990.4
04/01/2020 00:00,Short,DOWN,134.2,134.37,135.85,132.5,0.13,1.1,1.27,Gain,0.13,99.17,1991.7
05/01/2020 00:00,Short,UP,135.37,134.2,138.19,134.19,0.86,2.08,0.01,Loss,0.86,98.31,1983.1
06/01/2020 00:00,Long,UP,144.15,135.37,144.41,134.86,6.09,0.18,0.38,Gain,6.09,104.4,2044
07/01/2020 00:00,Short,DOWN,142.8,144.14,145.31,138.76,0.93,0.81,2.83,Gain,0.93,105.33,2053.3
08/01/2020 00:00,Short,DOWN,140.72,142.8,147.77,137.03,3,3.48,2.62,Loss,3,102.33,2023.3
09/01/2020 00:00,Long,DOWN,137.74,140.76,141.5,135.3,3,0.53,1.77,Loss,3,99.33,1993.3
10/01/2020 00:00,Long,UP,144.84,137.73,145.17,135.32,4.91,0.23,1.75,Gain,4.91,104.24,2042.4
11/01/2020 00:00,Short,DOWN,142.38,144.83,148.05,142.09,1.69,2.22,0.2,Gain,1.69,105.93,2059.3
12/01/2020 00:00,Long,UP,146.54,142.4,146.6,141.76,2.83,0.04,0.45,Gain,2.83,108.76,2087.6
13/01/2020 00:00,Short,DOWN,143.58,146.56,147,142.27,2.03,0.3,0.91,Gain,2.03,110.79,2107.9
14/01/2020 00:00,Long,UP,165.64,143.58,171.7,143.51,13.32,3.66,0.05,Gain,13.32,124.11,2241.1
15/01/2020 00:00,Short,UP,166.4,165.6,171.98,159.2,3,3.35,3.86,Loss,3,121.11,2211.1
16/01/2020 00:00,Short,DOWN,164.21,166.4,167.4,157.8,1.32,0.6,3.9,Gain,1.32,122.43,2224.3
17/01/2020 00:00,Short,UP,169.85,164.24,174.81,162.14,3,2.92,1.28,Loss,3,119.43,2194.3
18/01/2020 00:00,Short,UP,174.14,169.92,179.5,164.92,3,3.08,2.94,Loss,3,116.43,2164.3
19/01/2020 00:00,Short,DOWN,166.79,174.1,178.05,161.66,4.2,2.27,3.08,Gain,4.2,120.63,2206.3
20/01/2020 00:00,Long,UP,166.87,166.79,169.33,161.24,3,1.47,3.33,Loss,3,117.63,2176.3
21/01/2020 00:00,Short,UP,169.49,166.86,170.32,164.8,1.55,0.49,1.23,Loss,1.55,116.08,2160.8
22/01/2020 00:00,Short,DOWN,168.07,169.48,171.47,166.03,0.83,1.17,1.21,Gain,0.83,116.91,2169.1
23/01/2020 00:00,Long,DOWN,162.81,168.07,168.2,159.21,3,0.08,2.21,Loss,3,113.91,2139.1
24/01/2020 00:00,Long,DOWN,162.54,162.85,164.45,155.55,3,0.98,4.3,Loss,3,110.91,2109.1
25/01/2020 00:00,Short,DOWN,160.35,162.51,162.79,157.61,1.33,0.17,1.71,Gain,1.33,112.24,2122.4
26/01/2020 00:00,Short,UP,167.86,160.36,168.08,159.41,3,0.13,0.59,Loss,3,109.24,2092.4
27/01/2020 00:00,Short,UP,170.08,167.91,172.56,165.22,1.28,1.46,1.6,Loss,1.28,107.96,2079.6
28/01/2020 00:00,Short,UP,175.64,170.04,176.2,170.03,3,0.32,0.01,Loss,3,104.96,2049.6
29/01/2020 00:00,Short,DOWN,173.72,175.58,178.45,173.33,1.06,1.63,0.22,Gain,1.06,106.02,2060.2
30/01/2020 00:00,Long,UP,184.69,173.68,187,170.93,5.96,1.25,1.58,Gain,5.96,111.98,2119.8
31/01/2020 00:00,Short,DOWN,179.99,184.71,185.82,175.22,2.56,0.6,2.65,Gain,2.56,114.54,2145.4
01/02/2020 00:00,Long,UP,183.6,179.94,184.28,179.23,1.99,0.37,0.39,Gain,1.99,116.53,2165.3
02/02/2020 00:00,Short,UP,188.44,183.63,193.43,179.1,3,2.65,2.47,Loss,3,113.53,2135.3
03/02/2020 00:00,Short,UP,189.69,188.48,195.19,186.62,3,2.9,0.99,Loss,3,110.53,2105.3
04/02/2020 00:00,Long,DOWN,188.91,189.74,191.6,184.69,0.44,0.98,2.23,Loss,0.44,110.09,2100.9
05/02/2020 00:00,Short,UP,203.78,188.91,207.61,188.19,3,1.88,0.38,Loss,3,107.09,2070.9
06/02/2020 00:00,Short,UP,213.19,203.78,216.33,201.02,3,1.47,1.35,Loss,3,104.09,2040.9
07/02/2020 00:00,Short,UP,223.33,213.16,225,213.14,3,0.75,0.01,Loss,3,101.09,2010.9
08/02/2020 00:00,Short,DOWN,223.05,223.36,227.75,213.22,0.14,1.97,4.41,Gain,0.14,101.23,2012.3
09/02/2020 00:00,Short,UP,228.49,223.01,230.65,222.86,3,0.95,0.07,Loss,3,98.23,1982.3
10/02/2020 00:00,Short,DOWN,222.89,228.53,229.4,216.37,2.47,0.38,2.93,Gain,2.47,100.7,2007
11/02/2020 00:00,Long,UP,236.69,222.89,239.15,218.17,5.83,1.04,2.12,Gain,5.83,106.53,2065.3
12/02/2020 00:00,Short,UP,265.74,236.69,275.34,236.69,3,3.61,0,Loss,3,103.53,2035.3
13/02/2020 00:00,Short,UP,268.32,265.74,277.69,256.08,3,3.49,3.64,Loss,3,100.53,2005.3
14/02/2020 00:00,Long,UP,285.15,268.34,287.15,260.28,3,0.7,3,Loss,3,97.53,1975.3
15/02/2020 00:00,Short,DOWN,264.88,285.11,288.41,261.86,7.1,1.16,1.14,Gain,7.1,104.63,2046.3
16/02/2020 00:00,Long,DOWN,258.85,264.91,274,237.41,3,3.43,8.28,Loss,3,101.63,2016.3
17/02/2020 00:00,Short,UP,267.85,258.89,268.77,242,3,0.34,6.52,Loss,3,98.63,1986.3
18/02/2020 00:00,Short,UP,282.61,267.9,285.88,258,3,1.16,3.7,Loss,3,95.63,1956.3
19/02/2020 00:00,Short,DOWN,258.45,282.64,285,251.56,8.56,0.83,2.67,Gain,8.56,104.19,2041.9
20/02/2020 00:00,Long,DOWN,256.96,258.44,264.33,245.34,3,2.28,4.52,Loss,3,101.19,2011.9
21/02/2020 00:00,Long,UP,265.27,256.97,268.24,253.61,3.13,1.12,1.31,Gain,3.13,104.32,2043.2
22/02/2020 00:00,Short,DOWN,261.57,265.32,266.81,256,1.41,0.56,2.13,Gain,1.41,105.73,2057.3
23/02/2020 00:00,Long,UP,274.48,261.55,275.68,261.02,4.71,0.44,0.2,Gain,4.71,110.44,2104.4
24/02/2020 00:00,Short,DOWN,265.52,274.5,277.2,257.09,3.27,0.98,3.17,Gain,3.27,113.71,2137.1
25/02/2020 00:00,Long,DOWN,246.67,265.47,266.22,244.44,3,0.28,0.9,Loss,3,110.71,2107.1
26/02/2020 00:00,Long,DOWN,223.93,246.67,250.32,215.66,3,1.48,3.69,Loss,3,107.71,2077.1
27/02/2020 00:00,Long,UP,227.79,223.98,238.3,210,3,4.61,6.24,Loss,3,104.71,2047.1
28/02/2020 00:00,Short,DOWN,226.76,227.73,234.67,214.01,3,3.05,5.62,Loss,3,101.71,2017.1
29/02/2020 00:00,Short,DOWN,217.21,226.76,233,217,4.21,2.75,0.1,Gain,4.21,105.92,2059.2
01/03/2020 00:00,Long,UP,217.81,217.29,227.89,212.36,0.24,4.63,2.27,Gain,0.24,106.16,2061.6
02/03/2020 00:00,Long,UP,231.97,217.81,234.4,216.07,6.1,1.05,0.8,Gain,6.1,112.26,2122.6
03/03/2020 00:00,Short,DOWN,223.91,232.1,232.46,219.57,3.53,0.16,1.94,Gain,3.53,115.79,2157.9
04/03/2020 00:00,Long,UP,224.26,223.84,228.85,220.23,0.19,2.05,1.61,Gain,0.19,115.98,2159.8
05/03/2020 00:00,Long,UP,228.38,224.26,234.09,224.23,1.8,2.5,0.01,Gain,1.8,117.78,2177.8
06/03/2020 00:00,Long,UP,244.88,228.38,245.16,227.33,6.74,0.11,0.46,Gain,6.74,124.52,2245.2
07/03/2020 00:00,Short,DOWN,237.23,244.93,251.93,236,3.14,2.86,0.52,Gain,3.14,127.66,2276.6
08/03/2020 00:00,Long,DOWN,199.43,237.23,237.23,195.5,3,0,1.97,Loss,3,124.66,2246.6
09/03/2020 00:00,Long,UP,202.81,199.43,208.62,190,3,2.86,4.73,Loss,3,121.66,2216.6
10/03/2020 00:00,Short,DOWN,200.7,202.79,206.2,195.54,1.03,1.68,2.57,Gain,1.03,122.69,2226.9
11/03/2020 00:00,Long,DOWN,194.61,200.74,203.18,181.73,3,1.22,6.62,Loss,3,119.69,2196.9
12/03/2020 00:00,Short,DOWN,107.82,194.61,195.55,101.2,44.6,0.48,6.14,Gain,44.6,164.29,2642.9
13/03/2020 00:00,Long,UP,134.06,107.67,139.68,86,3,4.19,20.13,Loss,3,161.29,2612.9
14/03/2020 00:00,Short,DOWN,122.54,134.06,134.68,120,8.59,0.46,2.07,Gain,8.59,169.88,2698.8
15/03/2020 00:00,Long,UP,123.78,122.54,133.5,120.16,1,7.85,1.94,Gain,1,170.88,2708.8
16/03/2020 00:00,Long,DOWN,111.02,123.82,124.33,101.1,3,0.41,8.94,Loss,3,167.88,2678.8
17/03/2020 00:00,Short,UP,115.67,111.02,120.8,109.38,3,4.44,1.48,Loss,3,164.88,2648.8
18/03/2020 00:00,Short,UP,118.11,115.67,118.5,109.86,2.07,0.33,5.02,Loss,2.07,162.81,2628.1
19/03/2020 00:00,Short,UP,136.3,118.11,143.13,115.46,3,5.01,2.24,Loss,3,159.81,2598.1
20/03/2020 00:00,Short,DOWN,133.48,136.3,152.55,116.74,3,11.92,12.54,Loss,3,156.81,2568.1
21/03/2020 00:00,Short,DOWN,132.66,133.49,137.49,125.69,3,3,5.25,Loss,3,153.81,2538.1
22/03/2020 00:00,Short,DOWN,122.32,132.63,137.13,121.1,3,3.39,1,Loss,3,150.81,2508.1
23/03/2020 00:00,Long,UP,135.92,122.31,137.5,119.5,10.01,1.16,2.3,Gain,10.01,160.82,2608.2
24/03/2020 00:00,Short,UP,138.42,135.89,143.36,132.2,3,3.57,2.72,Loss,3,157.82,2578.2
25/03/2020 00:00,Short,DOWN,136.1,138.42,142.33,132.54,1.68,2.82,2.62,Gain,1.68,159.5,2595
26/03/2020 00:00,Long,UP,138.4,136.11,139.74,133.26,1.65,0.97,2.09,Gain,1.65,161.15,2611.5
27/03/2020 00:00,Short,DOWN,131.33,138.4,141.27,129.68,5.11,2.07,1.26,Gain,5.11,166.26,2662.6
28/03/2020 00:00,Long,DOWN,130.98,131.33,132.97,124.88,3,1.25,4.66,Loss,3,163.26,2632.6
29/03/2020 00:00,Short,DOWN,124.5,130.94,131.84,123.81,4.92,0.69,0.55,Gain,4.92,168.18,2681.8
30/03/2020 00:00,Long,UP,132.06,124.47,135.42,124.06,5.75,2.54,0.33,Gain,5.75,173.93,2739.3
31/03/2020 00:00,Short,UP,132.72,132.09,135,130.38,0.47,1.72,1.29,Loss,0.47,173.46,2734.6
01/04/2020 00:00,Short,UP,135.69,132.72,136.99,128.62,3,0.96,3.09,Loss,3,170.46,2704.6
02/04/2020 00:00,Short,UP,141.28,135.65,149.76,135.01,3,6,0.47,Loss,3,167.46,2674.6
03/04/2020 00:00,Short,UP,141.31,141.27,146.72,137.26,3,3.83,2.84,Loss,3,164.46,2644.6
04/04/2020 00:00,Short,UP,144.1,141.3,146.28,138.88,3,1.51,1.71,Loss,3,161.46,2614.6
05/04/2020 00:00,Short,DOWN,142.68,144.1,145.58,140.68,0.99,1.03,1.4,Gain,0.99,162.45,2624.5
06/04/2020 00:00,Long,UP,171.32,142.69,172,142.6,16.71,0.4,0.06,Gain,16.71,179.16,2791.6
07/04/2020 00:00,Short,DOWN,164.63,171.32,176.22,162.22,3.9,2.86,1.46,Gain,3.9,183.06,2830.6
08/04/2020 00:00,Long,UP,173.11,164.62,174.48,163.59,4.9,0.79,0.63,Gain,4.9,187.96,2879.6
09/04/2020 00:00,Short,DOWN,169.52,173.15,173.38,165.19,2.1,0.13,2.55,Gain,2.1,190.06,2900.6
10/04/2020 00:00,Long,DOWN,157.81,169.56,170.1,152.11,3,0.32,3.61,Loss,3,187.06,2870.6
11/04/2020 00:00,Long,UP,158.33,157.81,161.37,153.91,0.33,1.92,2.47,Gain,0.33,187.39,2873.9
12/04/2020 00:00,Short,UP,158.59,158.33,164.78,155,3,3.9,2.1,Loss,3,184.39,2843.9
13/04/2020 00:00,Long,DOWN,156.29,158.56,158.97,150,3,0.26,4.02,Loss,3,181.39,2813.9
14/04/2020 00:00,Short,UP,158.45,156.28,161.85,155.23,3,2.15,0.67,Loss,3,178.39,2783.9
15/04/2020 00:00,Short,DOWN,152.73,158.46,161.29,152,3.62,1.79,0.48,Gain,3.62,182.01,2820.1
16/04/2020 00:00,Long,UP,172.29,152.74,174.79,148.33,11.35,1.45,2.89,Gain,11.35,193.36,2933.6
17/04/2020 00:00,Short,DOWN,170.69,172.31,174.96,168.31,0.94,1.54,1.39,Gain,0.94,194.3,2943
18/04/2020 00:00,Long,UP,187.4,170.61,189.54,170.48,8.96,1.14,0.08,Gain,8.96,203.26,3032.6
19/04/2020 00:00,Short,DOWN,180.03,187.4,188.35,175.75,3.93,0.51,2.38,Gain,3.93,207.19,3071.9
20/04/2020 00:00,Long,DOWN,170.2,180.02,186.46,166.7,3,3.58,2.06,Loss,3,204.19,3041.9
21/04/2020 00:00,Long,UP,170.74,170.21,174.7,168,0.31,2.32,1.3,Gain,0.31,204.5,3045
22/04/2020 00:00,Long,UP,182.7,170.73,184,169.78,6.55,0.71,0.56,Gain,6.55,211.05,3110.5
23/04/2020 00:00,Short,UP,185.51,182.7,193.63,178.16,3,4.38,2.48,Loss,3,208.05,3080.5
24/04/2020 00:00,Long,UP,187.59,185.57,189.8,184.72,1.08,1.18,0.46,Gain,1.08,209.13,3091.3
25/04/2020 00:00,Long,UP,194.21,187.6,198.36,185.76,3.4,2.14,0.98,Gain,3.4,212.53,3125.3
26/04/2020 00:00,Short,UP,197.38,194.21,200,192.3,1.61,1.33,0.98,Loss,1.61,210.92,3109.2
27/04/2020 00:00,Short,DOWN,196.34,197.39,199.05,189.29,0.53,0.84,3.59,Gain,0.53,211.45,3114.5
28/04/2020 00:00,Short,DOWN,196.24,196.33,198.5,192.36,0.05,1.11,1.98,Gain,0.05,211.5,3115
29/04/2020 00:00,Short,UP,215.36,196.24,218.77,196.22,3,1.58,0.01,Loss,3,208.5,3085
30/04/2020 00:00,Short,DOWN,206.08,215.4,227.3,202,3,5.52,1.98,Loss,3,205.5,3055
01/05/2020 00:00,Long,UP,212.02,206.07,217.14,205.91,2.81,2.41,0.08,Gain,2.81,208.31,3083.1
02/05/2020 00:00,Long,UP,213.9,212.01,215.37,210.36,0.88,0.69,0.78,Gain,0.88,209.19,3091.9
03/05/2020 00:00,Short,DOWN,209.86,213.89,219.3,203.92,1.88,2.53,2.83,Gain,1.88,211.07,3110.7
04/05/2020 00:00,Long,DOWN,206.48,209.86,210.65,194.88,3,0.38,5.62,Loss,3,208.07,3080.7
05/05/2020 00:00,Short,DOWN,205.29,206.47,211.68,201,0.57,2.52,2.09,Gain,0.57,208.64,3086.4
06/05/2020 00:00,Long,DOWN,198.97,205.3,210.77,197.71,3,2.66,0.63,Loss,3,205.64,3056.4
07/05/2020 00:00,Long,UP,212,198.92,215.1,196.43,6.17,1.46,1.25,Gain,6.17,211.81,3118.1
08/05/2020 00:00,Short,DOWN,211.31,212.01,216.61,206.9,0.33,2.17,2.09,Gain,0.33,212.14,3121.4
09/05/2020 00:00,Long,DOWN,210.07,211.32,214.6,208.4,0.59,1.55,0.79,Loss,0.59,211.55,3115.5
10/05/2020 00:00,Long,DOWN,187.54,210.09,210.18,179.59,3,0.04,4.24,Loss,3,208.55,3085.5
11/05/2020 00:00,Long,DOWN,185.73,187.62,193.5,176,3,3.13,5.24,Loss,3,205.55,3055.5
12/05/2020 00:00,Short,UP,189.76,185.8,192.24,185.48,3,1.31,0.17,Loss,3,202.55,3025.5
13/05/2020 00:00,Short,UP,199.58,189.77,201,188.35,3,0.71,0.75,Loss,3,199.55,2995.5
14/05/2020 00:00,Short,UP,203.29,199.61,206.02,195.67,3,1.34,1.97,Loss,3,196.55,2965.5
15/05/2020 00:00,Short,DOWN,194.86,203.29,204.08,191.66,4.15,0.39,1.64,Gain,4.15,200.7,3007
16/05/2020 00:00,Long,UP,200.45,194.87,203.5,193.21,2.78,1.52,0.85,Gain,2.78,203.48,3034.8
17/05/2020 00:00,Short,UP,207,200.44,209.85,199.68,3,1.38,0.38,Loss,3,200.48,3004.8
18/05/2020 00:00,Short,UP,214.91,207.02,217.07,207,3,1.01,0.01,Loss,3,197.48,2974.8
19/05/2020 00:00,Short,DOWN,214.58,214.92,215.95,209.45,0.16,0.48,2.39,Gain,0.16,197.64,2976.4
20/05/2020 00:00,Short,DOWN,209.98,214.6,215.75,204.27,2.15,0.54,2.72,Gain,2.15,199.79,2997.9
21/05/2020 00:00,Long,DOWN,198.74,209.99,211.64,191.71,3,0.79,3.54,Loss,3,196.79,2967.9
22/05/2020 00:00,Long,UP,207.36,198.72,209.19,196.24,4.17,0.88,1.25,Gain,4.17,200.96,3009.6
23/05/2020 00:00,Short,DOWN,206.6,207.36,211.2,204.55,0.37,1.85,0.99,Gain,0.37,201.33,3013.3
24/05/2020 00:00,Long,DOWN,199.9,206.6,210.55,199.5,3,1.91,0.2,Loss,3,198.33,2983.3
25/05/2020 00:00,Long,UP,204.15,199.9,205.67,198.01,2.08,0.74,0.95,Gain,2.08,200.41,3004.1
26/05/2020 00:00,Short,DOWN,200.89,204.22,205,196.9,1.63,0.38,1.99,Gain,1.63,202.04,3020.4
27/05/2020 00:00,Long,UP,208.29,200.92,208.44,200.76,3.54,0.07,0.08,Gain,3.54,205.58,3055.8
28/05/2020 00:00,Short,UP,220.21,208.29,220.5,204.67,3,0.13,1.74,Loss,3,202.58,3025.8
29/05/2020 00:00,Short,UP,220.67,220.24,224.79,217.57,0.19,1.87,1.21,Loss,0.19,202.39,3023.9
30/05/2020 00:00,Long,UP,243.66,220.63,247,218.8,9.45,1.37,0.83,Gain,9.45,211.84,3118.4
31/05/2020 00:00,Short,DOWN,231.57,243.71,245.39,229.58,4.98,0.69,0.86,Gain,4.98,216.82,3168.2
01/06/2020 00:00,Long,UP,248.23,231.56,250.68,230.66,6.72,0.99,0.39,Gain,6.72,223.54,3235.4
02/06/2020 00:00,Short,DOWN,237.71,248.23,253.8,225,4.24,2.24,5.35,Gain,4.24,227.78,3277.8
03/06/2020 00:00,Long,UP,244.52,237.71,245,232.71,2.79,0.2,2.1,Gain,2.79,230.57,3305.7
04/06/2020 00:00,Short,DOWN,243.21,244.54,246.6,236,0.54,0.84,2.96,Gain,0.54,231.11,3311.1
05/06/2020 00:00,Short,DOWN,240.03,243.22,247.87,239.14,1.31,1.91,0.37,Gain,1.31,232.42,3324.2
06/06/2020 00:00,Long,UP,241.94,240.04,244.7,237.83,0.79,1.14,0.92,Gain,0.79,233.21,3332.1
07/06/2020 00:00,Long,UP,244.56,241.94,245.37,234.6,3,0.33,3.03,Loss,3,230.21,3302.1
08/06/2020 00:00,Short,UP,246.4,244.57,247.7,240.59,0.74,0.53,1.63,Loss,0.74,229.47,3294.7
09/06/2020 00:00,Short,DOWN,243.8,246.37,249.82,238,1.04,1.4,2.38,Gain,1.04,230.51,3305.1
10/06/2020 00:00,Long,UP,247.78,243.79,250.28,242,1.61,1.01,0.73,Gain,1.61,232.12,3321.2
11/06/2020 00:00,Short,DOWN,230.51,247.78,250.09,226.2,6.97,0.93,1.87,Gain,6.97,239.09,3390.9
12/06/2020 00:00,Long,UP,237.55,230.46,239.38,228.19,2.98,0.77,0.98,Gain,2.98,242.07,3420.7
13/06/2020 00:00,Short,UP,238.11,237.55,238.73,234.66,0.24,0.26,1.22,Loss,0.24,241.83,3418.3
14/06/2020 00:00,Short,DOWN,231.77,238.13,238.59,229.83,2.67,0.19,0.84,Gain,2.67,244.5,3445
15/06/2020 00:00,Long,DOWN,230.86,231.74,233.55,218.27,3,0.78,5.45,Loss,3,241.5,3415
16/06/2020 00:00,Short,UP,235.3,230.86,236,228.7,1.89,0.3,0.94,Loss,1.89,239.61,3396.1
17/06/2020 00:00,Short,DOWN,233.82,235.31,237.3,227.65,0.63,0.85,2.64,Gain,0.63,240.24,3402.4
18/06/2020 00:00,Short,DOWN,231.27,233.82,234.65,227.93,1.09,0.35,1.44,Gain,1.09,241.33,3413.3
19/06/2020 00:00,Long,DOWN,229,231.26,231.95,226.74,0.98,0.3,0.99,Loss,0.98,240.35,3403.5
20/06/2020 00:00,Long,DOWN,228.89,229,230.85,225.62,0.05,0.81,1.43,Loss,0.05,240.3,3403
21/06/2020 00:00,Short,DOWN,228.04,228.88,231.49,227.11,0.37,1.14,0.41,Gain,0.37,240.67,3406.7
22/06/2020 00:00,Long,UP,243.13,228.03,246.89,227.51,6.21,1.55,0.23,Gain,6.21,246.88,3468.8
23/06/2020 00:00,Short,UP,243.14,243.11,244.87,240.75,0.01,0.71,0.97,Loss,0.01,246.87,3468.7
24/06/2020 00:00,Long,DOWN,234.58,243.15,249.24,231.07,3,2.5,1.5,Loss,3,243.87,3438.7
25/06/2020 00:00,Long,DOWN,232.5,234.57,235.39,227.56,3,0.35,2.12,Loss,3,240.87,3408.7
26/06/2020 00:00,Long,DOWN,229.64,232.49,233.61,227.75,1.23,0.48,0.82,Loss,1.23,239.64,3396.4
27/06/2020 00:00,Long,DOWN,220.94,229.66,231.42,216,3,0.77,2.24,Loss,3,236.64,3366.4
28/06/2020 00:00,Long,UP,224.93,220.94,227.96,218.32,1.77,1.35,1.19,Gain,1.77,238.41,3384.1
29/06/2020 00:00,Short,UP,227.93,224.89,229.96,221.26,1.33,0.89,1.61,Loss,1.33,237.08,3370.8
30/06/2020 00:00,Short,DOWN,225.6,227.98,228.7,222.91,1.04,0.32,1.19,Gain,1.04,238.12,3381.2
01/07/2020 00:00,Long,UP,230.99,225.59,232.71,224.16,2.34,0.74,0.63,Gain,2.34,240.46,3404.6
02/07/2020 00:00,Short,DOWN,226.46,230.99,232.01,222.87,1.96,0.44,1.59,Gain,1.96,242.42,3424.2
03/07/2020 00:00,Long,DOWN,224.87,226.46,228.13,223.97,0.7,0.74,0.4,Loss,0.7,241.72,3417.2
04/07/2020 00:00,Long,UP,229.17,224.86,230.71,224.43,1.88,0.67,0.19,Gain,1.88,243.6,3436
05/07/2020 00:00,Short,DOWN,227.56,229.24,229.85,223.05,0.73,0.27,1.98,Gain,0.73,244.33,3443.3
06/07/2020 00:00,Short,UP,241.6,227.54,242,226.93,3,0.17,0.27,Loss,3,241.33,3413.3
07/07/2020 00:00,Short,DOWN,239.39,241.6,243.77,234.4,0.91,0.9,2.08,Gain,0.91,242.24,3422.4
08/07/2020 00:00,Long,UP,246.95,239.39,248.88,237.78,3.06,0.78,0.67,Gain,3.06,245.3,3453
09/07/2020 00:00,Short,DOWN,241.98,246.94,247.9,237.88,2.01,0.39,1.69,Gain,2.01,247.31,3473.1
10/07/2020 00:00,Long,DOWN,241.26,241.97,242.16,235.72,0.29,0.08,2.3,Loss,0.29,247.02,3470.2
11/07/2020 00:00,Short,DOWN,239.19,241.27,241.67,237.54,0.86,0.17,0.69,Gain,0.86,247.88,3478.8
12/07/2020 00:00,Long,UP,242.79,239.19,244,236.52,1.48,0.5,1.12,Gain,1.48,249.36,3493.6
13/07/2020 00:00,Short,DOWN,239.5,242.76,245.33,237.33,1.34,1.06,0.91,Gain,1.34,250.7,3507
14/07/2020 00:00,Long,UP,240.44,239.5,242.09,237,0.39,0.69,1.04,Gain,0.39,251.09,3510.9
15/07/2020 00:00,Short,DOWN,238.61,240.45,241.45,236.83,0.77,0.42,0.75,Gain,0.77,251.86,3518.6
16/07/2020 00:00,Long,DOWN,233.57,238.59,239.39,230.02,3,0.34,1.52,Loss,3,248.86,3488.6
17/07/2020 00:00,Long,DOWN,232.67,233.58,234.84,231.65,0.39,0.54,0.44,Loss,0.39,248.47,3484.7
18/07/2020 00:00,Long,UP,235.67,232.66,236.8,232.32,1.28,0.48,0.15,Gain,1.28,249.75,3497.5
19/07/2020 00:00,Short,UP,239.11,235.67,239.92,233.28,1.44,0.34,1.01,Loss,1.44,248.31,3483.1
20/07/2020 00:00,Short,DOWN,236.01,239.12,239.72,234.05,1.3,0.25,0.83,Gain,1.3,249.61,3496.1
21/07/2020 00:00,Long,UP,245.59,236,246.66,235.57,3.9,0.44,0.18,Gain,3.9,253.51,3535.1
22/07/2020 00:00,Short,UP,263.74,245.53,269.61,241.51,3,2.23,1.64,Loss,3,250.51,3505.1
23/07/2020 00:00,Short,UP,275.3,263.75,279.98,259.7,3,1.7,1.54,Loss,3,247.51,3475.1
24/07/2020 00:00,Short,UP,279.15,275.31,287.34,266,3,2.93,3.38,Loss,3,244.51,3445.1
25/07/2020 00:00,Short,UP,305.26,279.15,308.94,279.09,3,1.21,0.02,Loss,3,241.51,3415.1
26/07/2020 00:00,Short,UP,311,305.31,318.75,299,3,2.49,2.07,Loss,3,238.51,3385.1
27/07/2020 00:00,Long,UP,321.93,311.02,333.31,310.78,3.39,3.53,0.08,Gain,3.39,241.9,3419
28/07/2020 00:00,Long,DOWN,316.77,321.95,326.8,305.86,3,1.51,3.44,Loss,3,238.9,3389
29/07/2020 00:00,Long,UP,317.71,316.77,325,312.38,0.3,2.29,1.39,Gain,0.3,239.2,3392
30/07/2020 00:00,Long,UP,334.87,317.76,342,314.05,5.11,2.13,1.17,Gain,5.11,244.31,3443.1
31/07/2020 00:00,Short,UP,346.33,334.82,349.45,328.4,3,0.9,1.92,Loss,3,241.31,3413.1
01/08/2020 00:00,Short,UP,387,346.32,392.67,343.07,3,1.47,0.94,Loss,3,238.31,3383.1
02/08/2020 00:00,Short,DOWN,372.42,387.01,415.85,325,3,7.45,12.73,Loss,3,235.31,3353.1
03/08/2020 00:00,Long,UP,385.94,372.45,398,366.5,3.5,3.12,1.6,Gain,3.5,238.81,3388.1
04/08/2020 00:00,Long,UP,389.61,385.91,402.98,380.77,0.95,3.43,1.33,Gain,0.95,239.76,3397.6
05/08/2020 00:00,Long,UP,400.72,389.59,407,384.11,2.78,1.57,1.41,Gain,2.78,242.54,3425.4
06/08/2020 00:00,Short,DOWN,394.77,400.72,403.66,390.51,1.48,0.73,1.08,Gain,1.48,244.02,3440.2
07/08/2020 00:00,Long,DOWN,379.34,394.77,398.26,362.85,3,0.88,4.35,Loss,3,241.02,3410.2
08/08/2020 00:00,Long,UP,397.03,379.34,397.05,375.79,4.46,0.01,0.94,Gain,4.46,245.48,3454.8
09/08/2020 00:00,Short,DOWN,390.14,397.05,400,383.36,1.74,0.74,1.74,Gain,1.74,247.22,3472.2
10/08/2020 00:00,Long,UP,395.44,390.14,399.18,385.13,1.34,0.95,1.28,Gain,1.34,248.56,3485.6
11/08/2020 00:00,Long,DOWN,379,395.43,398.21,367,3,0.7,3.17,Loss,3,245.56,3455.6
12/08/2020 00:00,Long,UP,387.18,378.99,389.23,365.85,3,0.53,3.47,Loss,3,242.56,3425.6
13/08/2020 00:00,Short,UP,424.54,387.18,431.49,376.59,3,1.64,2.74,Loss,3,239.56,3395.6
14/08/2020 00:00,Short,UP,438.11,424.54,444.71,417.05,3,1.51,1.76,Loss,3,236.56,3365.6
15/08/2020 00:00,Short,DOWN,432.32,438.12,442.94,427.02,1.32,1.1,1.23,Gain,1.32,237.88,3378.8
16/08/2020 00:00,Long,UP,433.62,432.3,436.99,412.47,3,0.78,4.59,Loss,3,234.88,3348.8
17/08/2020 00:00,Short,DOWN,430.89,433.61,446,420.37,0.63,2.86,2.44,Gain,0.63,235.51,3355.1
18/08/2020 00:00,Long,DOWN,421.95,430.89,433.81,415,3,0.68,1.65,Loss,3,232.51,3325.1
19/08/2020 00:00,Long,DOWN,407.46,421.92,426.75,393.25,3,1.14,3.49,Loss,3,229.51,3295.1
20/08/2020 00:00,Long,UP,415.94,407.46,418.98,402.07,2.04,0.73,1.32,Gain,2.04,231.55,3315.5
21/08/2020 00:00,Short,DOWN,387.97,415.94,418.68,385.1,6.72,0.66,0.74,Gain,6.72,238.27,3382.7
22/08/2020 00:00,Long,UP,395.24,387.93,397.04,379.92,1.85,0.46,2.06,Gain,1.85,240.12,3401.2
23/08/2020 00:00,Short,DOWN,390.71,395.23,396.95,383.15,1.14,0.44,1.93,Gain,1.14,241.26,3412.6
24/08/2020 00:00,Long,UP,407.68,390.72,410.42,387.44,4.16,0.67,0.84,Gain,4.16,245.42,3454.2
25/08/2020 00:00,Short,DOWN,382.93,407.68,409.06,370,6.07,0.34,3.38,Gain,6.07,251.49,3514.9
26/08/2020 00:00,Long,UP,385.81,382.91,392.91,377.37,0.75,1.84,1.45,Gain,0.75,252.24,3522.4
27/08/2020 00:00,Long,DOWN,383.27,385.81,397.1,371.48,3,2.93,3.08,Loss,3,249.24,3492.4
28/08/2020 00:00,Long,UP,395.11,383.31,398,379.75,2.99,0.73,0.93,Gain,2.99,252.23,3522.3
29/08/2020 00:00,Short,UP,398.65,395.1,405.69,391.88,0.89,1.77,0.81,Loss,0.89,251.34,3513.4
30/08/2020 00:00,Long,UP,428.94,398.65,429.89,398.3,7.06,0.22,0.09,Gain,7.06,258.4,3584
31/08/2020 00:00,Short,UP,433.79,428.94,439,418.04,1.12,1.2,2.54,Loss,1.12,257.28,3572.8
01/09/2020 00:00,Short,UP,475.4,433.8,488.84,429.03,3,2.83,1.1,Loss,3,254.28,3542.8
02/09/2020 00:00,Short,DOWN,439.5,475.4,481.39,420,7.55,1.26,4.44,Gain,7.55,261.83,3618.3
03/09/2020 00:00,Long,DOWN,381.4,439.5,450.7,372,3,2.55,2.46,Loss,3,258.83,3588.3
04/09/2020 00:00,Long,UP,385.26,381.35,400.21,357,3,3.88,6.39,Loss,3,255.83,3558.3
05/09/2020 00:00,Short,DOWN,335.01,385.3,395,308.42,13.05,2.52,7.94,Gain,13.05,268.88,3688.8
06/09/2020 00:00,Long,UP,352.8,335.04,360,316.1,3,2.04,5.65,Loss,3,265.88,3658.8
07/09/2020 00:00,Short,UP,353.59,352.85,358.51,323,0.21,1.39,8.46,Loss,0.21,265.67,3656.7
08/09/2020 00:00,Short,DOWN,337.39,353.59,356.58,325.38,4.58,0.85,3.56,Gain,4.58,270.25,3702.5
09/09/2020 00:00,Long,UP,350.85,337.41,359,330.51,3.83,2.32,2.04,Gain,3.83,274.08,3740.8
10/09/2020 00:00,Short,UP,367.93,350.85,377.25,349.91,3,2.53,0.27,Loss,3,271.08,3710.8
11/09/2020 00:00,Short,UP,373.63,367.93,375.27,355.49,1.53,0.44,3.38,Loss,1.53,269.55,3695.5
12/09/2020 00:00,Short,UP,387.78,373.62,388.57,364.73,3,0.2,2.38,Loss,3,266.55,3665.5
13/09/2020 00:00,Short,DOWN,366.42,387.78,390.43,350,5.51,0.68,4.48,Gain,5.51,272.06,3720.6
14/09/2020 00:00,Long,UP,377.12,366.43,384.64,355.73,2.83,1.99,2.92,Gain,2.83,274.89,3748.9
15/09/2020 00:00,Short,DOWN,364.06,377.12,382.47,362.34,3.46,1.42,0.47,Gain,3.46,278.35,3783.5
16/09/2020 00:00,Long,UP,365.11,364.05,373.45,355,0.29,2.28,2.49,Gain,0.29,278.64,3786.4
17/09/2020 00:00,Long,UP,389.36,365.04,394.14,363.3,6.25,1.23,0.48,Gain,6.25,284.89,3848.9
18/09/2020 00:00,Short,DOWN,384.39,389.35,392.58,375.33,1.27,0.83,2.36,Gain,1.27,286.16,3861.6
19/09/2020 00:00,Long,UP,385.25,384.4,388.72,377,0.22,0.9,1.93,Gain,0.22,286.38,3863.8
20/09/2020 00:00,Short,DOWN,371.04,385.25,385.45,365,3.69,0.05,1.63,Gain,3.69,290.07,3900.7
21/09/2020 00:00,Long,DOWN,340.36,371.04,376.8,331,3,1.55,2.75,Loss,3,287.07,3870.7
22/09/2020 00:00,Long,UP,344.21,340.31,346.91,335.34,1.13,0.78,1.46,Gain,1.13,288.2,3882
23/09/2020 00:00,Short,DOWN,320.72,344.18,344.65,313.29,6.82,0.14,2.32,Gain,6.82,295.02,3950.2
24/09/2020 00:00,Long,UP,348.97,320.72,353.1,316.67,8.1,1.18,1.26,Gain,8.1,303.12,4031.2
25/09/2020 00:00,Short,UP,351.92,348.97,358,337.58,0.84,1.73,3.26,Loss,0.84,302.28,4022.8
26/09/2020 00:00,Short,UP,353.92,351.93,356.4,345.88,0.56,0.7,1.72,Loss,0.56,301.72,4017.2
27/09/2020 00:00,Short,UP,357.49,353.95,362.14,347.24,0.99,1.3,1.9,Loss,0.99,300.73,4007.3
28/09/2020 00:00,Short,DOWN,353.96,357.58,368.2,351.7,1.01,2.97,0.64,Gain,1.01,301.74,4017.4
29/09/2020 00:00,Long,UP,359.79,353.91,360.63,350.45,1.63,0.23,0.98,Gain,1.63,303.37,4033.7
30/09/2020 00:00,Short,UP,359.83,359.78,361.5,351.56,0.01,0.46,2.28,Loss,0.01,303.36,4033.6
01/10/2020 00:00,Short,DOWN,352.85,359.83,370.45,345.51,1.94,2.95,2.08,Gain,1.94,305.3,4053
02/10/2020 00:00,Long,DOWN,345.6,352.83,354.55,334.24,3,0.49,3.29,Loss,3,302.3,4023
03/10/2020 00:00,Long,UP,345.95,345.6,351,343.7,0.1,1.46,0.55,Gain,0.1,302.4,4024
04/10/2020 00:00,Long,UP,352.37,345.94,354.45,343.81,1.82,0.59,0.62,Gain,1.82,304.22,4042.2
05/10/2020 00:00,Short,UP,353.62,352.34,356.1,348.54,0.36,0.7,1.08,Loss,0.36,303.86,4038.6
06/10/2020 00:00,Long,DOWN,340.75,353.63,355.1,336.8,3,0.42,1.16,Loss,3,300.86,4008.6
07/10/2020 00:00,Long,UP,341.58,340.8,342.85,332.18,0.23,0.37,2.53,Gain,0.23,301.09,4010.9
08/10/2020 00:00,Short,UP,350.95,341.58,353.32,334.21,3,0.68,2.16,Loss,3,298.09,3980.9
09/10/2020 00:00,Short,UP,365.02,350.94,368.33,347.32,3,0.91,1.03,Loss,3,295.09,3950.9
10/10/2020 00:00,Short,UP,370.52,365.01,378.4,364.71,3,2.13,0.08,Loss,3,292.09,3920.9
11/10/2020 00:00,Long,UP,374.16,370.51,377.6,368.87,0.98,0.92,0.44,Gain,0.98,293.07,3930.7
12/10/2020 00:00,Long,UP,386.51,374.17,394.8,365.58,3.19,2.14,2.3,Gain,3.19,296.26,3962.6
13/10/2020 00:00,Short,DOWN,381.04,386.51,387.75,374.51,1.42,0.32,1.71,Gain,1.42,297.68,3976.8
14/10/2020 00:00,Long,DOWN,378.69,381.05,387.41,373.13,0.62,1.67,1.47,Loss,0.62,297.06,3970.6
15/10/2020 00:00,Long,DOWN,377.64,378.69,381.79,369.85,0.28,0.82,2.06,Loss,0.28,296.78,3967.8
16/10/2020 00:00,Short,DOWN,365.5,377.63,379.83,361.18,3.21,0.58,1.18,Gain,3.21,299.99,3999.9
17/10/2020 00:00,Long,UP,368.32,365.5,370.46,363.36,0.77,0.58,0.59,Gain,0.77,300.76,4007.6
18/10/2020 00:00,Short,UP,378.11,368.31,378.64,367.1,2.59,0.14,0.33,Loss,2.59,298.17,3981.7
19/10/2020 00:00,Short,UP,379.3,378.12,384.32,372.5,0.31,1.32,1.49,Loss,0.31,297.86,3978.6
20/10/2020 00:00,Long,DOWN,368.52,379.3,380.73,365.27,3,0.38,0.88,Loss,3,294.86,3948.6
21/10/2020 00:00,Long,UP,390.38,368.53,401.49,367.74,5.6,2.85,0.21,Gain,5.6,300.46,4004.6
22/10/2020 00:00,Short,UP,413.98,390.31,420.73,390.21,3,1.63,0.03,Loss,3,297.46,3974.6
23/10/2020 00:00,Short,DOWN,409.11,413.94,419.33,401.3,1.17,1.3,1.91,Gain,1.17,298.63,3986.3
24/10/2020 00:00,Long,UP,412.14,409.19,416.66,407,0.72,1.1,0.54,Gain,0.72,299.35,3993.5
25/10/2020 00:00,Long,DOWN,405.86,412.14,417.4,402.5,1.52,1.28,0.83,Loss,1.52,297.83,3978.3
26/10/2020 00:00,Long,DOWN,392.52,405.85,411.11,382.3,3,1.3,2.6,Loss,3,294.83,3948.3
27/10/2020 00:00,Long,UP,403.45,392.52,410.25,389.9,2.71,1.69,0.67,Gain,2.71,297.54,3975.4
28/10/2020 00:00,Short,DOWN,388.23,403.41,409.2,380.52,3.76,1.44,1.99,Gain,3.76,301.3,4013
29/10/2020 00:00,Long,DOWN,387.13,388.22,393.72,380.52,0.28,1.42,1.71,Loss,0.28,301.02,4010.2
30/10/2020 00:00,Long,DOWN,382.49,387.12,391.97,373.29,3,1.25,2.41,Loss,3,298.02,3980.2
31/10/2020 00:00,Long,UP,386.46,382.59,394.88,379.9,1,2.18,0.7,Gain,1,299.02,3990.2
01/11/2020 00:00,Long,UP,396.67,386.44,398.29,384.61,2.58,0.41,0.47,Gain,2.58,301.6,4016
02/11/2020 00:00,Short,DOWN,383.02,396.68,404.5,377.92,3.44,1.97,1.33,Gain,3.44,305.04,4050.4
03/11/2020 00:00,Long,UP,387.88,383.01,390,370.23,3,0.55,3.34,Loss,3,302.04,4020.4
04/11/2020 00:00,Short,UP,402.49,387.88,408.39,376.47,3,1.47,2.94,Loss,3,299.04,3990.4
05/11/2020 00:00,Short,UP,416.69,402.5,420.4,396.14,3,0.89,1.58,Loss,3,296.04,3960.4
06/11/2020 00:00,Short,UP,455.91,416.73,458.27,414.76,3,0.52,0.47,Loss,3,293.04,3930.4
07/11/2020 00:00,Short,DOWN,435.21,455.91,468.28,424.14,4.54,2.71,2.54,Gain,4.54,297.58,3975.8
08/11/2020 00:00,Long,UP,454.3,435.2,460.1,431.99,4.2,1.28,0.74,Gain,4.2,301.78,4017.8
09/11/2020 00:00,Short,DOWN,444.32,454.29,459.1,433.09,2.19,1.06,2.53,Gain,2.19,303.97,4039.7
10/11/2020 00:00,Long,UP,450.34,444.32,455,438.7,1.34,1.03,1.26,Gain,1.34,305.31,4053.1
11/11/2020 00:00,Short,UP,463.09,450.34,476.25,449.28,3,2.84,0.24,Loss,3,302.31,4023.1
12/11/2020 00:00,Long,DOWN,462.39,463.09,470,451.2,0.15,1.49,2.42,Loss,0.15,302.16,4021.6
13/11/2020 00:00,Long,UP,476.43,462.48,478.01,457.12,2.93,0.33,1.16,Gain,2.93,305.09,4050.9
14/11/2020 00:00,Short,DOWN,460.89,476.42,477.47,452,3.26,0.22,1.93,Gain,3.26,308.35,4083.5
15/11/2020 00:00,Long,DOWN,448.08,460.9,462.89,440.19,3,0.43,1.76,Loss,3,305.35,4053.5
16/11/2020 00:00,Long,UP,460.55,448.07,466,445.45,2.71,1.18,0.58,Gain,2.71,308.06,4080.6
17/11/2020 00:00,Short,UP,482.15,460.51,484.88,459.8,3,0.57,0.15,Loss,3,305.06,4050.6
18/11/2020 00:00,Short,DOWN,478.41,482.11,495.31,456.6,0.77,2.74,4.56,Gain,0.77,305.83,4058.3
19/11/2020 00:00,Long,DOWN,471.25,478.43,480.75,464.86,1.5,0.48,1.36,Loss,1.5,304.33,4043.3
20/11/2020 00:00,Long,UP,510.12,471.26,514.4,470.65,7.62,0.84,0.13,Gain,7.62,311.95,4119.5
21/11/2020 00:00,Short,UP,552.35,510.12,553.32,502.82,3,0.18,1.43,Loss,3,308.95,4089.5
22/11/2020 00:00,Short,UP,560.03,552.42,580.88,511.28,3,3.72,7.45,Loss,3,305.95,4059.5
23/11/2020 00:00,Short,UP,608.58,560.03,610.85,550.12,3,0.37,1.77,Loss,3,302.95,4029.5
24/11/2020 00:00,Short,DOWN,604.97,608.58,623,585,0.59,2.37,3.3,Gain,0.59,303.54,4035.4
25/11/2020 00:00,Long,DOWN,569.5,604.98,606,553.83,3,0.17,2.75,Loss,3,300.54,4005.4
26/11/2020 00:00,Long,DOWN,519.83,569.38,577.14,481,3,1.36,7.47,Loss,3,297.54,3975.4
27/11/2020 00:00,Long,DOWN,518.68,519.83,530.62,493.72,3,2.08,4.81,Loss,3,294.54,3945.4
28/11/2020 00:00,Short,UP,537.52,518.59,547.94,506.59,3,1.94,2.31,Loss,3,291.54,3915.4
29/11/2020 00:00,Short,UP,576.3,537.5,576.9,530.32,3,0.1,1.34,Loss,3,288.54,3885.4
30/11/2020 00:00,Short,UP,616.66,576.32,616.85,570.07,3,0.03,1.08,Loss,3,285.54,3855.4
01/12/2020 00:00,Short,DOWN,585.26,616.65,635.7,560,3,3.09,4.32,Loss,3,282.54,3825.4
02/12/2020 00:00,Long,UP,596.89,585.26,604.93,575,1.95,1.35,1.75,Gain,1.95,284.49,3844.9
03/12/2020 00:00,Short,UP,615.85,596.88,623.44,585.82,3,1.23,1.85,Loss,3,281.49,3814.9
04/12/2020 00:00,Short,DOWN,567.24,615.84,620,565.82,7.89,0.68,0.25,Gain,7.89,289.38,3893.8
05/12/2020 00:00,Long,UP,596.8,567.24,597.11,560.88,4.95,0.05,1.12,Gain,4.95,294.33,3943.3
06/12/2020 00:00,Short,UP,601.54,596.82,607.5,583,0.78,0.99,2.32,Loss,0.78,293.55,3935.5
07/12/2020 00:00,Short,DOWN,591.28,601.59,603.15,584.22,1.71,0.26,1.19,Gain,1.71,295.26,3952.6
08/12/2020 00:00,Long,DOWN,554.94,591.27,595,549.22,3,0.63,1.03,Loss,3,292.26,3922.6
09/12/2020 00:00,Long,UP,573.09,554.92,578.08,530.43,3,0.87,4.41,Loss,3,289.26,3892.6
10/12/2020 00:00,Short,DOWN,558.99,573.2,575.7,548.11,2.48,0.44,1.95,Gain,2.48,291.74,3917.4
11/12/2020 00:00,Long,DOWN,544.43,558.99,560.8,535.5,3,0.32,1.64,Loss,3,288.74,3887.4
12/12/2020 00:00,Long,UP,568.04,544.46,574,543.1,4.15,1.05,0.25,Gain,4.15,292.89,3928.9
13/12/2020 00:00,Short,UP,590.7,568.09,595,563.22,3,0.73,0.86,Loss,3,289.89,3898.9
14/12/2020 00:00,Short,DOWN,586.29,590.81,591.48,575.6,0.77,0.11,1.82,Gain,0.77,290.66,3906.6
15/12/2020 00:00,Long,UP,588.64,586.29,597.2,578.58,0.4,1.45,1.32,Gain,0.4,291.06,3910.6
16/12/2020 00:00,Long,UP,637.18,588.78,640,580.71,7.6,0.44,1.37,Gain,7.6,298.66,3986.6
17/12/2020 00:00,Short,UP,642.7,637.18,676.25,625.76,3,5.22,1.79,Loss,3,295.66,3956.6
18/12/2020 00:00,Long,UP,653.85,642.71,664.61,629.4,1.7,1.65,2.07,Gain,1.7,297.36,3973.6
19/12/2020 00:00,Short,UP,658.03,653.76,669.95,645.42,0.65,1.81,1.28,Loss,0.65,296.71,3967.1
20/12/2020 00:00,Long,DOWN,638.18,658.05,661.39,621.01,3,0.51,2.69,Loss,3,293.71,3937.1
21/12/2020 00:00,Long,DOWN,607.58,638.1,648,595.9,3,1.55,1.92,Loss,3,290.71,3907.1
22/12/2020 00:00,Long,UP,636.45,607.68,637.73,588,3,0.2,3.24,Loss,3,287.71,3877.1
23/12/2020 00:00,Short,DOWN,585.56,636.41,638.44,551.28,7.99,0.32,5.85,Gain,7.99,295.7,3957
24/12/2020 00:00,Long,UP,612.31,585.48,615.02,565.43,3,0.44,3.42,Loss,3,292.7,3927
25/12/2020 00:00,Short,UP,626.82,612.31,634.24,604.28,3,1.18,1.31,Loss,3,289.7,3897
26/12/2020 00:00,Short,UP,637.44,626.78,652.91,615.26,3,2.43,1.84,Loss,3,286.7,3867
27/12/2020 00:00,Long,UP,685.11,637.44,717.13,625,6.96,4.67,1.95,Gain,6.96,293.66,3936.6
28/12/2020 00:00,Short,UP,730.41,685.1,748.09,681.04,3,2.42,0.59,Loss,3,290.66,3906.6
29/12/2020 00:00,Short,UP,732,730.4,740.78,689.2,0.22,1.2,5.64,Loss,0.22,290.44,3904.4
30/12/2020 00:00,Short,UP,752.17,732,758.74,716.62,3,0.87,2.1,Loss,3,287.44,3874.4
31/12/2020 00:00,Short,DOWN,736.42,752.17,755.74,722,2.09,0.47,1.96,Gain,2.09,289.53,3895.3
01/01/2021 00:00,Long,DOWN,728.91,736.42,749,714.29,3,1.71,2.01,Loss,3,286.53,3865.3
02/01/2021 00:00,Long,UP,774.56,728.91,787.69,714.91,5.89,1.7,1.92,Gain,5.89,292.42,3924.2
03/01/2021 00:00,Short,UP,978.28,774.44,1011.07,768.71,3,3.35,0.74,Loss,3,289.42,3894.2
04/01/2021 00:00,Short,UP,1041.43,978.33,1162.97,890,3,11.67,9.03,Loss,3,286.42,3864.2
05/01/2021 00:00,Long,UP,1099.56,1041.45,1134.6,974.45,3,3.19,6.43,Loss,3,283.42,3834.2
06/01/2021 00:00,Short,UP,1208.42,1100.16,1213,1057.26,3,0.38,3.9,Loss,3,280.42,3804.2
07/01/2021 00:00,Short,UP,1224.87,1208.75,1289,1131,3,5.24,6.43,Loss,3,277.42,3774.2
08/01/2021 00:00,Long,DOWN,1216.93,1224.86,1273.75,1065,3,3.99,12.48,Loss,3,274.42,3744.2
09/01/2021 00:00,Short,UP,1276,1216.72,1304.37,1171.36,3,2.22,3.73,Loss,3,271.42,3714.2
10/01/2021 00:00,Short,DOWN,1254.25,1276,1348.33,1170,3,5.67,6.72,Loss,3,268.42,3684.2
11/01/2021 00:00,Long,DOWN,1087.01,1254.24,1260,915,3,0.46,15.82,Loss,3,265.42,3654.2
12/01/2021 00:00,Long,DOWN,1050.16,1087,1150.02,1006.33,3,5.8,4.17,Loss,3,262.42,3624.2
13/01/2021 00:00,Long,UP,1129.89,1050.36,1137.65,987.48,3,0.69,5.99,Loss,3,259.42,3594.2
14/01/2021 00:00,Short,UP,1231.62,1129.79,1247.55,1086.7,3,1.29,3.81,Loss,3,256.42,3564.2
15/01/2021 00:00,Short,DOWN,1168.53,1231.89,1256.98,1069.42,5.14,2.04,8.48,Gain,5.14,261.56,3615.6
16/01/2021 00:00,Long,UP,1227.83,1168.48,1298,1151.77,4.83,5.71,1.43,Gain,4.83,266.39,3663.9
17/01/2021 00:00,Long,UP,1232.45,1227.83,1269.02,1165,3,2.97,5.12,Loss,3,263.39,3633.9
18/01/2021 00:00,Long,UP,1258.45,1232.5,1260.75,1182.58,3,0.18,4.05,Loss,3,260.39,3603.9
19/01/2021 00:00,Short,UP,1365.36,1258.52,1438.3,1251.49,3,5.34,0.56,Loss,3,257.39,3573.9
20/01/2021 00:00,Long,UP,1376.99,1365.36,1407.93,1235.42,3,2.25,9.52,Loss,3,254.39,3543.9
21/01/2021 00:00,Short,DOWN,1110.96,1376.72,1390,1086,19.3,0.96,2.25,Gain,19.3,273.69,3736.9
22/01/2021 00:00,Long,UP,1232.62,1111.98,1273.79,1042.31,3,3.34,6.27,Loss,3,270.69,3706.9
23/01/2021 00:00,Short,UP,1233.6,1232.61,1272.44,1195.9,3,3.15,2.98,Loss,3,267.69,3676.9
24/01/2021 00:00,Long,UP,1392.51,1233.46,1398.83,1220,11.42,0.45,1.09,Gain,11.42,279.11,3791.1
25/01/2021 00:00,Short,DOWN,1317.88,1392.19,1475,1293.69,3,5.95,1.84,Loss,3,276.11,3761.1
26/01/2021 00:00,Long,UP,1365.97,1317.6,1378.49,1244.56,3,0.92,5.54,Loss,3,273.11,3731.1
27/01/2021 00:00,Short,DOWN,1239.03,1366.54,1373.9,1207,9.33,0.54,2.59,Gain,9.33,282.44,3824.4
28/01/2021 00:00,Long,UP,1329.69,1238.93,1360,1217.23,6.83,2.28,1.75,Gain,6.83,289.27,3892.7
29/01/2021 00:00,Short,UP,1379.5,1329.44,1436.9,1285.35,3,4.16,3.32,Loss,3,286.27,3862.7
30/01/2021 00:00,Long,DOWN,1378.05,1379.56,1406,1326.41,3,1.92,3.75,Loss,3,283.27,3832.7
31/01/2021 00:00,Long,DOWN,1312.55,1378.04,1380.74,1281.12,3,0.2,2.39,Loss,3,280.27,3802.7
01/02/2021 00:00,Long,UP,1374.17,1312.45,1377.99,1269.99,3,0.28,3.24,Loss,3,277.27,3772.7
02/02/2021 00:00,Short,UP,1511.87,1374.09,1547.9,1360.28,3,2.38,1.01,Loss,3,274.27,3742.7
03/02/2021 00:00,Short,UP,1664.49,1511.93,1669.35,1508.39,3,0.29,0.23,Loss,3,271.27,3712.7
04/02/2021 00:00,Short,DOWN,1595.67,1664.67,1695.2,1554.44,4.14,1.83,2.58,Gain,4.14,275.41,3754.1
05/02/2021 00:00,Long,UP,1719.19,1595.53,1760.49,1591,7.19,2.4,0.28,Gain,7.19,282.6,3826
06/02/2021 00:00,Short,DOWN,1676.35,1718.95,1743.67,1642.94,2.48,1.44,1.99,Gain,2.48,285.08,3850.8
07/02/2021 00:00,Long,DOWN,1611.62,1676.35,1693,1490.46,3,0.99,7.52,Loss,3,282.08,3820.8
08/02/2021 00:00,Short,UP,1750.15,1611.46,1775.57,1563.89,3,1.45,2.95,Loss,3,279.08,3790.8
09/02/2021 00:00,Short,UP,1769.13,1749.68,1821.88,1708.49,3,2.98,2.35,Loss,3,276.08,3760.8
10/02/2021 00:00,Long,DOWN,1740.78,1769.14,1837.86,1680,3,3.88,3.49,Loss,3,273.08,3730.8
11/02/2021 00:00,Long,UP,1785.62,1740.76,1819,1703.44,2.51,1.87,2.14,Gain,2.51,275.59,3755.9
12/02/2021 00:00,Short,UP,1840.26,1785.83,1864.88,1739.88,3,1.34,2.57,Loss,3,272.59,3725.9
13/02/2021 00:00,Short,DOWN,1814.96,1840.24,1871.72,1765,1.37,1.71,2.75,Gain,1.37,273.96,3739.6
14/02/2021 00:00,Long,DOWN,1800.42,1815.25,1850,1784.11,0.82,1.91,0.91,Loss,0.82,273.14,3731.4
15/02/2021 00:00,Long,DOWN,1779.25,1800.03,1835.72,1655.67,3,1.98,6.95,Loss,3,270.14,3701.4
16/02/2021 00:00,Short,UP,1781.99,1779.33,1827.28,1724,0.15,2.54,3.11,Loss,0.15,269.99,3699.9
17/02/2021 00:00,Long,UP,1849.88,1781.99,1855,1733.01,3.67,0.28,2.75,Gain,3.67,273.66,3736.6
18/02/2021 00:00,Short,UP,1939.61,1849.7,1950.5,1849.69,3,0.56,0,Loss,3,270.66,3706.6
19/02/2021 00:00,Short,UP,1955,1938.91,1972.82,1891,0.82,0.91,2.47,Loss,0.82,269.84,3698.4
20/02/2021 00:00,Short,DOWN,1913,1955.46,2042.34,1803.14,3,4.44,5.74,Loss,3,266.84,3668.4
21/02/2021 00:00,Long,UP,1933.53,1912.9,1976.31,1883.01,1.07,2.21,1.56,Gain,1.07,267.91,3679.1
22/02/2021 00:00,Long,DOWN,1777.58,1933.54,1936.29,1551,3,0.14,12.75,Loss,3,264.91,3649.1
23/02/2021 00:00,Short,DOWN,1577.89,1777.42,1782.39,1355,11.23,0.28,14.13,Gain,11.23,276.14,3761.4
24/02/2021 00:00,Long,UP,1623.39,1577.79,1712.7,1500.2,3,5.5,4.92,Loss,3,273.14,3731.4
25/02/2021 00:00,Long,DOWN,1481.75,1623.16,1671.59,1459.16,3,2.98,1.52,Loss,3,270.14,3701.4
26/02/2021 00:00,Long,DOWN,1444.59,1482.08,1562.25,1400,3,5.41,3.09,Loss,3,267.14,3671.4
27/02/2021 00:00,Long,UP,1458.13,1444.56,1529,1425,0.93,4.86,1.35,Gain,0.93,268.07,3680.7
28/02/2021 00:00,Long,DOWN,1419.18,1458.27,1468.75,1293.18,3,0.72,8.88,Loss,3,265.07,3650.7
01/03/2021 00:00,Short,UP,1569.86,1418.67,1572,1409.91,3,0.14,0.62,Loss,3,262.07,3620.7
02/03/2021 00:00,Short,DOWN,1486.78,1570,1602.9,1455.52,5.3,2.1,2.1,Gain,5.3,267.37,3673.7
03/03/2021 00:00,Long,UP,1567.69,1486.79,1656.94,1475.47,5.16,5.69,0.76,Gain,5.16,272.53,3725.3
04/03/2021 00:00,Long,DOWN,1539.23,1567.68,1624.87,1506.36,3,3.65,2.14,Loss,3,269.53,3695.3
05/03/2021 00:00,Long,DOWN,1528.31,1539.22,1548.96,1441.66,3,0.63,5.67,Loss,3,266.53,3665.3
06/03/2021 00:00,Short,UP,1650.35,1528.08,1671.58,1513.03,3,1.29,0.98,Loss,3,263.53,3635.3
07/03/2021 00:00,Short,UP,1726.16,1650.68,1734.16,1630.35,3,0.46,1.23,Loss,3,260.53,3605.3
08/03/2021 00:00,Short,UP,1833.18,1726.46,1843.59,1664.96,3,0.57,3.56,Loss,3,257.53,3575.3
09/03/2021 00:00,Short,UP,1870.51,1833.22,1870.77,1798.2,1.99,0.01,1.91,Loss,1.99,255.54,3555.4
10/03/2021 00:00,Short,DOWN,1795.12,1870.5,1877.69,1757,4.03,0.38,2.12,Gain,4.03,259.57,3595.7
11/03/2021 00:00,Long,UP,1825.78,1795.28,1846.7,1725,3,1.15,3.91,Loss,3,256.57,3565.7
12/03/2021 00:00,Short,DOWN,1766.1,1825.78,1841.88,1719.72,3.27,0.88,2.63,Gain,3.27,259.84,3598.4
13/03/2021 00:00,Long,UP,1922.35,1766.13,1944.3,1727.75,8.13,1.14,2.17,Gain,8.13,267.97,3679.7
14/03/2021 00:00,Short,DOWN,1848.1,1922.35,1933.1,1836,3.86,0.56,0.65,Gain,3.86,271.83,3718.3
15/03/2021 00:00,Long,DOWN,1793.48,1848.1,1891.76,1730,3,2.36,3.54,Loss,3,268.83,3688.3
16/03/2021 00:00,Long,UP,1805.12,1793.99,1819.5,1711.68,3,0.8,4.59,Loss,3,265.83,3658.3
17/03/2021 00:00,Short,UP,1823.58,1805.01,1838.88,1741.18,1.02,0.84,3.54,Loss,1.02,264.81,3648.1
18/03/2021 00:00,Short,DOWN,1776.08,1823.58,1850,1759.04,2.6,1.45,0.96,Gain,2.6,267.41,3674.1
19/03/2021 00:00,Long,UP,1809.1,1775.92,1840.61,1733.47,1.83,1.74,2.39,Gain,1.83,269.24,3692.4
20/03/2021 00:00,Short,DOWN,1806.1,1809.01,1868.83,1800.86,3,3.31,0.29,Loss,3,266.24,3662.4
21/03/2021 00:00,Long,DOWN,1782.98,1806.57,1817.16,1747,3,0.59,2.02,Loss,3,263.24,3632.4
22/03/2021 00:00,Long,DOWN,1680.97,1783.23,1807.51,1655.15,3,1.36,1.54,Loss,3,260.24,3602.4
23/03/2021 00:00,Long,DOWN,1668.08,1681.17,1721.17,1650,0.78,2.38,1.08,Loss,0.78,259.46,3594.6
24/03/2021 00:00,Long,DOWN,1581.84,1668.2,1740.86,1536.92,3,4.36,2.84,Loss,3,256.46,3564.6
25/03/2021 00:00,Long,UP,1585.74,1581.88,1622,1549.4,0.24,2.29,2.05,Gain,0.24,256.7,3567
26/03/2021 00:00,Long,UP,1698.84,1585.83,1699.93,1585.79,6.65,0.06,0,Gain,6.65,263.35,3633.5
27/03/2021 00:00,Short,UP,1712.63,1698.84,1732.67,1666.41,0.81,1.17,1.91,Loss,0.81,262.54,3625.4
28/03/2021 00:00,Short,DOWN,1687.01,1712.52,1725.66,1661.4,1.49,0.77,1.52,Gain,1.49,264.03,3640.3
29/03/2021 00:00,Long,UP,1816.74,1687.16,1841,1677.85,7.13,1.34,0.55,Gain,7.13,271.16,3711.6
30/03/2021 00:00,Short,UP,1840.46,1816.76,1859.13,1786.3,1.29,1.01,1.68,Loss,1.29,269.87,3698.7
31/03/2021 00:00,Short,UP,1919.37,1840.41,1947.29,1768.15,3,1.45,3.93,Loss,3,266.87,3668.7
01/04/2021 00:00,Short,UP,1968.05,1919.37,1984.77,1885.02,3,0.85,1.79,Loss,3,263.87,3638.7
02/04/2021 00:00,Short,UP,2133.69,1968.05,2146,1948.48,3,0.58,0.99,Loss,3,260.87,3608.7
03/04/2021 00:00,Short,DOWN,2008.52,2133.69,2138.12,1996.3,5.87,0.21,0.61,Gain,5.87,266.74,3667.4
04/04/2021 00:00,Long,UP,2075.69,2008.59,2091.83,1975.24,3.23,0.78,1.66,Gain,3.23,269.97,3699.7
05/04/2021 00:00,Short,UP,2107.38,2075.7,2130.64,2002.15,1.5,1.1,3.54,Loss,1.5,268.47,3684.7
06/04/2021 00:00,Short,UP,2112.21,2107.43,2151,2044.65,0.23,1.84,2.98,Loss,0.23,268.24,3682.4
07/04/2021 00:00,Long,DOWN,1963.47,2112.22,2129.01,1930.01,3,0.79,1.7,Loss,3,265.24,3652.4
08/04/2021 00:00,Long,UP,2080.46,1963.46,2084.61,1947.35,5.62,0.2,0.82,Gain,5.62,270.86,3708.6
09/04/2021 00:00,Short,DOWN,2066.87,2080.39,2100,2047.57,0.65,0.94,0.93,Gain,0.65,271.51,3715.1
10/04/2021 00:00,Long,UP,2133.49,2067.19,2200,2058,3.11,3.12,0.44,Gain,3.11,274.62,3746.2
11/04/2021 00:00,Long,UP,2151.36,2133.49,2165.02,2113.4,0.83,0.63,0.94,Gain,0.83,275.45,3754.5
12/04/2021 00:00,Short,DOWN,2137.69,2151.42,2203.46,2102,0.64,2.42,1.67,Gain,0.64,276.09,3760.9
13/04/2021 00:00,Long,UP,2299.19,2137.86,2318,2135.53,7.02,0.82,0.11,Gain,7.02,283.11,3831.1
14/04/2021 00:00,Short,UP,2432.6,2299.19,2447.29,2281.33,3,0.6,0.78,Loss,3,280.11,3801.1
15/04/2021 00:00,Short,UP,2514.04,2432.59,2543.47,2400,3,1.17,1.34,Loss,3,277.11,3771.1
16/04/2021 00:00,Short,DOWN,2422.67,2514.04,2548.29,2300,3.63,1.36,5.06,Gain,3.63,280.74,3807.4
17/04/2021 00:00,Long,DOWN,2317.6,2422.38,2495,2310,3,3,0.33,Loss,3,277.74,3777.4
18/04/2021 00:00,Long,DOWN,2235.64,2317.65,2340,1946.8,3,0.96,12.92,Loss,3,274.74,3747.4
19/04/2021 00:00,Short,DOWN,2161.12,2235.65,2300,2080,3.33,2.88,3.75,Gain,3.33,278.07,3780.7
20/04/2021 00:00,Long,UP,2330.03,2161.12,2346.62,2055,3,0.71,4.91,Loss,3,275.07,3750.7
21/04/2021 00:00,Short,UP,2357.06,2330.26,2469.54,2235.16,3,4.77,4.08,Loss,3,272.07,3720.7
22/04/2021 00:00,Long,UP,2397.94,2357.06,2644.47,2303.44,1.7,10.28,2.27,Gain,1.7,273.77,3737.7
23/04/2021 00:00,Long,DOWN,2367.39,2397.94,2442.89,2107,3,1.87,11,Loss,3,270.77,3707.7
24/04/2021 00:00,Short,DOWN,2213.35,2367.39,2368.74,2154.8,6.51,0.06,2.65,Gain,6.51,277.28,3772.8
25/04/2021 00:00,Long,UP,2320.49,2214.08,2356.64,2168,4.59,1.56,2.08,Gain,4.59,281.87,3818.7
26/04/2021 00:00,Short,UP,2532.6,2320.44,2542.8,2303.64,3,0.4,0.72,Loss,3,278.87,3788.7
27/04/2021 00:00,Short,UP,2666.13,2532.06,2680,2480.29,3,0.52,2.04,Loss,3,275.87,3758.7
28/04/2021 00:00,Short,UP,2748.24,2666.13,2760,2559.44,3,0.43,4,Loss,3,272.87,3728.7
29/04/2021 00:00,Short,UP,2757.04,2748.23,2798,2668,0.32,1.49,2.92,Loss,0.32,272.55,3725.5
30/04/2021 00:00,Long,UP,2772.42,2757.04,2798.3,2723.09,0.55,0.93,1.23,Gain,0.55,273.1,3731
01/05/2021 00:00,Long,UP,2944.77,2772.42,2954.28,2743.41,5.85,0.32,1.05,Gain,5.85,278.95,3789.5
02/05/2021 00:00,Short,UP,2949.56,2944.83,2985,2852.26,0.16,1.2,3.14,Loss,0.16,278.79,3787.9
03/05/2021 00:00,Short,UP,3431.04,2949.33,3454,2949.32,3,0.67,0,Loss,3,275.79,3757.9
04/05/2021 00:00,Short,DOWN,3239.01,3431.04,3527,3160,5.6,2.8,2.44,Gain,5.6,281.39,3813.9
05/05/2021 00:00,Long,UP,3524.26,3239.01,3549.34,3200.23,8.09,0.71,1.2,Gain,8.09,289.48,3894.8
06/05/2021 00:00,Short,DOWN,3489.73,3524.33,3605.4,3376.47,0.98,2.3,3.25,Gain,0.98,290.46,3904.6
07/05/2021 00:00,Long,DOWN,3479.53,3489.74,3587,3353.23,3,2.79,3.63,Loss,3,287.46,3874.6
08/05/2021 00:00,Long,UP,3910.26,3479.79,3958.33,3449.27,11.01,1.23,0.88,Gain,11.01,298.47,3984.7
09/05/2021 00:00,Short,UP,3923.95,3910.26,3983.65,3726.08,0.35,1.52,4.71,Loss,0.35,298.12,3981.2
10/05/2021 00:00,Short,UP,3945.88,3923.95,4208,3650,3,6.64,6.98,Loss,3,295.12,3951.2
11/05/2021 00:00,Long,UP,4173.45,3946.63,4180.22,3771.64,3,0.16,4.43,Loss,3,292.12,3921.2
12/05/2021 00:00,Short,DOWN,3823.21,4173.46,4372.72,3701.58,3,4.77,3.18,Loss,3,289.12,3891.2
13/05/2021 00:00,Long,DOWN,3717.91,3810.15,4034.77,3500,3,5.9,5.86,Loss,3,286.12,3861.2
14/05/2021 00:00,Long,UP,4075.01,3717.92,4173.28,3691.35,8.76,2.41,0.71,Gain,8.76,294.88,3948.8
15/05/2021 00:00,Short,DOWN,3646.68,4075.02,4134.05,3632,10.51,1.45,0.4,Gain,10.51,305.39,4053.9
16/05/2021 00:00,Long,DOWN,3582.1,3646.24,3879,3343.06,3,6.38,6.67,Loss,3,302.39,4023.9
17/05/2021 00:00,Long,DOWN,3282.51,3581.81,3587.06,3102,3,0.15,5.5,Loss,3,299.39,3993.9
18/05/2021 00:00,Long,UP,3375.07,3282.25,3565.71,3240,2.75,5.65,1.29,Gain,2.75,302.14,4021.4
19/05/2021 00:00,Long,DOWN,2438.92,3375.08,3441.73,1888,3,1.97,22.59,Loss,3,299.14,3991.4
20/05/2021 00:00,Long,UP,2768.62,2438.92,2990.05,2155,3,8,11.64,Loss,3,296.14,3961.4
21/05/2021 00:00,Short,DOWN,2430.98,2767.87,2938.54,2101,3,6.17,13.57,Loss,3,293.14,3931.4
22/05/2021 00:00,Long,DOWN,2294.87,2430.98,2485,2145,3,2.22,6.53,Loss,3,290.14,3901.4
23/05/2021 00:00,Long,DOWN,2096.39,2295.45,2381.57,1728.74,3,3.75,17.54,Loss,3,287.14,3871.4
24/05/2021 00:00,Short,UP,2648.43,2096.63,2675,2079.94,3,1,0.8,Loss,3,284.14,3841.4
25/05/2021 00:00,Short,UP,2705.11,2647.92,2750,2378.54,3,1.66,10.17,Loss,3,281.14,3811.4
26/05/2021 00:00,Short,UP,2884.94,2705.1,2910,2643,3,0.87,2.3,Loss,3,278.14,3781.4
27/05/2021 00:00,Short,DOWN,2742.23,2884.82,2889.74,2633.68,4.94,0.17,3.96,Gain,4.94,283.08,3830.8
28/05/2021 00:00,Long,DOWN,2412.1,2742.23,2762.45,2327.38,3,0.74,3.51,Loss,3,280.08,3800.8
29/05/2021 00:00,Long,DOWN,2278.74,2412.34,2574.27,2204.1,3,6.71,3.28,Loss,3,277.08,3770.8
30/05/2021 00:00,Long,UP,2385.98,2278.74,2476.42,2180.53,3,3.79,4.31,Loss,3,274.08,3740.8
31/05/2021 00:00,Short,UP,2706.15,2385.82,2720,2271.44,3,0.51,4.79,Loss,3,271.08,3710.8
01/06/2021 00:00,Short,DOWN,2634.57,2706.15,2740,2523.74,2.65,1.25,4.21,Gain,2.65,273.73,3737.3
02/06/2021 00:00,Long,UP,2706.22,2634.31,2802.99,2550,3,3.58,3.2,Loss,3,270.73,3707.3
03/06/2021 00:00,Short,UP,2857.25,2706.21,2891.95,2662.4,3,1.21,1.62,Loss,3,267.73,3677.3
04/06/2021 00:00,Short,DOWN,2689.51,2857.25,2860,2552,5.87,0.1,5.11,Gain,5.87,273.6,3736
05/06/2021 00:00,Long,DOWN,2627.73,2689.54,2816.87,2552.23,3,4.73,2.87,Loss,3,270.6,3706
06/06/2021 00:00,Long,UP,2711.92,2627.63,2745,2614,3.11,1.22,0.52,Gain,3.11,273.71,3737.1
07/06/2021 00:00,Long,DOWN,2592.05,2711.92,2847.55,2570,3,5,0.85,Loss,3,270.71,3707.1
08/06/2021 00:00,Long,DOWN,2507.23,2592.05,2620.99,2304.91,3,1.12,8.07,Loss,3,267.71,3677.1
09/06/2021 00:00,Short,UP,2610.18,2507.43,2626.63,2405.28,3,0.63,4.07,Loss,3,264.71,3647.1
10/06/2021 00:00,Short,DOWN,2471.09,2610.2,2624.46,2425.11,5.33,0.55,1.86,Gain,5.33,270.04,3700.4
11/06/2021 00:00,Long,DOWN,2354.01,2471.01,2497.99,2321.37,3,1.09,1.39,Loss,3,267.04,3670.4
12/06/2021 00:00,Long,UP,2370.74,2354.09,2454.53,2256.22,3,3.53,4.16,Loss,3,264.04,3640.4
13/06/2021 00:00,Short,UP,2509.33,2370.64,2548.41,2308.41,3,1.56,2.63,Loss,3,261.04,3610.4
14/06/2021 00:00,Short,UP,2580.77,2509.33,2609.17,2461,3,1.1,1.93,Loss,3,258.04,3580.4
15/06/2021 00:00,Short,DOWN,2543.54,2580.58,2640,2507.7,1.44,2.3,1.41,Gain,1.44,259.48,3594.8
16/06/2021 00:00,Long,DOWN,2367.89,2543.55,2556.19,2351.18,3,0.5,0.71,Loss,3,256.48,3564.8
17/06/2021 00:00,Long,UP,2373.28,2368.02,2460.5,2306,0.22,3.68,2.62,Gain,0.22,256.7,3567
18/06/2021 00:00,Long,DOWN,2234.09,2373.28,2378,2139,3,0.2,4.26,Loss,3,253.7,3537
19/06/2021 00:00,Long,DOWN,2164.67,2234.09,2278.82,2161.67,3,2,0.14,Loss,3,250.7,3507
20/06/2021 00:00,Long,UP,2243.47,2165.34,2280.01,2040.68,3,1.63,5.76,Loss,3,247.7,3477
21/06/2021 00:00,Short,DOWN,1885.49,2243.49,2260.16,1865.54,15.96,0.74,1.06,Gain,15.96,263.66,3636.6
22/06/2021 00:00,Long,DOWN,1879.28,1885.27,1998,1700.48,3,5.98,9.51,Loss,3,260.66,3606.6
23/06/2021 00:00,Short,UP,1968.14,1879.29,2045,1821.95,3,3.91,3.05,Loss,3,257.66,3576.6
24/06/2021 00:00,Short,UP,1989.52,1967.95,2036.61,1884.79,3,2.37,4.23,Loss,3,254.66,3546.6
25/06/2021 00:00,Short,DOWN,1808.82,1989.53,2019.99,1791.22,9.08,1.53,0.97,Gain,9.08,263.74,3637.4
26/06/2021 00:00,Long,UP,1829.64,1808.97,1852.8,1717.32,3,1.27,5.07,Loss,3,260.74,3607.4
27/06/2021 00:00,Short,UP,1982.28,1829.84,1984.5,1804.26,3,0.11,1.4,Loss,3,257.74,3577.4
28/06/2021 00:00,Short,UP,2084.41,1982.27,2145,1960.52,3,2.91,1.1,Loss,3,254.74,3547.4
29/06/2021 00:00,Long,UP,2165.33,2084.42,2245,2073.57,3.74,3.68,0.52,Gain,3.74,258.48,3584.8
30/06/2021 00:00,Long,UP,2275.68,2165.46,2287.78,2087.99,3,0.53,3.58,Loss,3,255.48,3554.8
01/07/2021 00:00,Short,DOWN,2106.41,2275.68,2275.93,2073.12,7.44,0.01,1.58,Gain,7.44,262.92,3629.2
02/07/2021 00:00,Long,UP,2154.13,2106.41,2160,2018.5,3,0.27,4.17,Loss,3,259.92,3599.2
03/07/2021 00:00,Short,UP,2226.99,2153.95,2240,2112.01,3,0.58,1.95,Loss,3,256.92,3569.2
04/07/2021 00:00,Short,UP,2322.69,2226.99,2389.93,2189.58,3,2.89,1.68,Loss,3,253.92,3539.2
05/07/2021 00:00,Short,DOWN,2196.53,2322.69,2324.64,2157.32,5.43,0.08,1.79,Gain,5.43,259.35,3593.5
06/07/2021 00:00,Long,UP,2322.5,2196.85,2350,2193,5.41,1.18,0.18,Gain,5.41,264.76,3647.6
07/07/2021 00:00,Short,DOWN,2316.57,2322.51,2409,2291.9,3,3.72,1.06,Loss,3,261.76,3617.6
08/07/2021 00:00,Long,DOWN,2116.33,2316.25,2325.6,2084.79,3,0.4,1.49,Loss,3,258.76,3587.6
09/07/2021 00:00,Long,UP,2146.99,2116.32,2189.4,2046.51,3,1.98,3.3,Loss,3,255.76,3557.6
10/07/2021 00:00,Short,DOWN,2110.69,2146.99,2194.82,2074.16,1.69,2.23,1.73,Gain,1.69,257.45,3574.5
11/07/2021 00:00,Long,UP,2140.45,2110.68,2174,2081.02,1.39,1.57,1.41,Gain,1.39,258.84,3588.4
12/07/2021 00:00,Short,DOWN,2031.58,2140.54,2167.83,2006.68,5.09,1.27,1.23,Gain,5.09,263.93,3639.3
13/07/2021 00:00,Long,DOWN,1940.15,2031.57,2047.35,1918,3,0.78,1.14,Loss,3,260.93,3609.3
14/07/2021 00:00,Long,UP,1994.58,1940.44,2019.18,1865,3,1.23,3.89,Loss,3,257.93,3579.3
15/07/2021 00:00,Short,DOWN,1919.51,1994.41,2042.88,1881,3.76,2.43,2.01,Gain,3.76,261.69,3616.9
16/07/2021 00:00,Long,DOWN,1876.26,1919.54,1965,1850,3,2.37,1.4,Loss,3,258.69,3586.9
17/07/2021 00:00,Long,UP,1899.59,1876.47,1919.19,1844.45,1.22,1.03,1.71,Gain,1.22,259.91,3599.1
18/07/2021 00:00,Short,DOWN,1891.64,1899.5,1993.79,1877.1,3,4.96,0.77,Loss,3,256.91,3569.1
19/07/2021 00:00,Long,DOWN,1818.73,1891.65,1919,1805,3,1.45,0.75,Loss,3,253.91,3539.1
20/07/2021 00:00,Long,DOWN,1786.03,1818.73,1841.34,1706,3,1.24,4.48,Loss,3,250.91,3509.1
21/07/2021 00:00,Short,UP,1995.5,1786.03,2035.23,1747.55,3,1.99,2.15,Loss,3,247.91,3479.1
22/07/2021 00:00,Short,UP,2024.56,1995.5,2046,1947.62,1.44,1.06,2.4,Loss,1.44,246.47,3464.7
23/07/2021 00:00,Short,UP,2124.25,2024.27,2130.9,1993.22,3,0.31,1.53,Loss,3,243.47,3434.7
24/07/2021 00:00,Short,UP,2184.75,2124.26,2199.5,2105.58,3,0.68,0.88,Loss,3,240.47,3404.7
25/07/2021 00:00,Short,UP,2189.79,2184.9,2197.41,2105.93,0.22,0.35,3.61,Loss,0.22,240.25,3402.5
26/07/2021 00:00,Short,UP,2228.08,2189.82,2433.65,2171.57,3,9.23,0.83,Loss,3,237.25,3372.5
27/07/2021 00:00,Long,UP,2299.49,2227.81,2319.26,2150.5,3,0.86,3.47,Loss,3,234.25,3342.5
28/07/2021 00:00,Short,UP,2300.9,2299.47,2345,2243.15,0.06,1.92,2.45,Loss,0.06,234.19,3341.9
29/07/2021 00:00,Long,UP,2382.92,2300.9,2400,2266.12,3.44,0.72,1.51,Gain,3.44,237.63,3376.3
30/07/2021 00:00,Short,UP,2461.81,2382.93,2471.7,2315.92,3,0.4,2.81,Loss,3,234.63,3346.3
31/07/2021 00:00,Short,UP,2531.05,2461.77,2553.86,2420.68,3,0.9,1.67,Loss,3,231.63,3316.3
01/08/2021 00:00,Short,UP,2555.69,2531.1,2697.61,2511.24,3,5.55,0.78,Loss,3,228.63,3286.3
02/08/2021 00:00,Long,UP,2606.93,2555.5,2666,2507,1.97,2.27,1.9,Gain,1.97,230.6,3306
03/08/2021 00:00,Long,DOWN,2509.04,2606.92,2632.44,2442.32,3,0.98,2.66,Loss,3,227.6,3276
04/08/2021 00:00,Long,UP,2724.78,2508.51,2772.71,2457.68,7.94,1.76,2.03,Gain,7.94,235.54,3355.4
05/08/2021 00:00,Short,UP,2826.99,2724.55,2843.98,2529.91,3,0.6,7.14,Loss,3,232.54,3325.4
06/08/2021 00:00,Short,UP,2891.58,2827.01,2946.75,2720.06,3,1.91,3.78,Loss,3,229.54,3295.4
07/08/2021 00:00,Short,UP,3160.31,2891.54,3171,2865.5,3,0.34,0.9,Loss,3,226.54,3265.4
08/08/2021 00:00,Short,DOWN,3011.85,3160.48,3189.99,2949.03,4.7,0.93,2.09,Gain,4.7,231.24,3312.4
09/08/2021 00:00,Long,UP,3160.52,3011.84,3186,2893.23,3,0.81,3.94,Loss,3,228.24,3282.4
10/08/2021 00:00,Short,DOWN,3141.66,3160.51,3233,3051.22,0.6,2.29,2.88,Gain,0.6,228.84,3288.4
11/08/2021 00:00,Long,UP,3160.5,3141.14,3274,3120.27,0.61,3.59,0.66,Gain,0.61,229.45,3294.5
12/08/2021 00:00,Long,DOWN,3045.96,3160.4,3239,2979.29,3,2.49,2.19,Loss,3,226.45,3264.5
13/08/2021 00:00,Long,UP,3322.32,3046.11,3327.83,3033.8,8.31,0.17,0.4,Gain,8.31,234.76,3347.6
14/08/2021 00:00,Short,DOWN,3263.16,3322.33,3330.98,3200,1.78,0.26,1.94,Gain,1.78,236.54,3365.4
15/08/2021 00:00,Long,UP,3307.09,3263.16,3320,3111.13,3,0.39,4.66,Loss,3,233.54,3335.4
16/08/2021 00:00,Short,DOWN,3146.53,3307.35,3335,3135.22,4.86,0.84,0.36,Gain,4.86,238.4,3384
17/08/2021 00:00,Long,DOWN,3011.72,3147.18,3290,2991.89,3,4.54,0.66,Loss,3,235.4,3354
18/08/2021 00:00,Long,UP,3014.55,3011.73,3125.81,2950,0.09,3.69,2.05,Gain,0.09,235.49,3354.9
19/08/2021 00:00,Long,UP,3184.12,3014.18,3188,2958.33,5.34,0.12,1.85,Gain,5.34,240.83,3408.3
20/08/2021 00:00,Short,UP,3284.82,3184.11,3300,3177.16,3,0.46,0.22,Loss,3,237.83,3378.3
21/08/2021 00:00,Short,DOWN,3223.43,3284.81,3309.16,3207,1.87,0.74,0.51,Gain,1.87,239.7,3397
22/08/2021 00:00,Long,UP,3238,3223.36,3272,3126.42,3,1.05,3.01,Loss,3,236.7,3367
23/08/2021 00:00,Short,UP,3321.28,3238,3377.89,3230.02,3,1.7,0.25,Loss,3,233.7,3337
24/08/2021 00:00,Long,DOWN,3170.62,3321.28,3357.85,3147.31,3,1.1,0.74,Loss,3,230.7,3307
25/08/2021 00:00,Long,UP,3226.87,3170.63,3248,3080,1.74,0.65,2.86,Gain,1.74,232.44,3324.4
26/08/2021 00:00,Short,DOWN,3093.2,3226.88,3250,3053.3,4.14,0.72,1.29,Gain,4.14,236.58,3365.8
27/08/2021 00:00,Long,UP,3273.45,3093.06,3280,3060.18,5.51,0.2,1.06,Gain,5.51,242.09,3420.9
28/08/2021 00:00,Short,DOWN,3244.48,3273.89,3287,3210.31,0.9,0.4,1.05,Gain,0.9,242.99,3429.9
29/08/2021 00:00,Long,DOWN,3223.47,3244.75,3285,3152.34,0.66,1.24,2.21,Loss,0.66,242.33,3423.3
30/08/2021 00:00,Short,UP,3229.64,3223.47,3347.95,3143,3,3.66,2.5,Loss,3,239.33,3393.3
31/08/2021 00:00,Long,UP,3429.2,3229.14,3476,3188.77,5.83,1.36,1.25,Gain,5.83,245.16,3451.6
01/09/2021 00:00,Short,UP,3826.82,3429.19,3842,3382.22,3,0.4,1.37,Loss,3,242.16,3421.6
02/09/2021 00:00,Short,DOWN,3785.82,3826.82,3836.8,3717.04,1.07,0.26,1.82,Gain,1.07,243.23,3432.3
03/09/2021 00:00,Long,UP,3938.11,3785.82,4027.88,3705.05,3.87,2.28,2.13,Gain,3.87,247.1,3471
04/09/2021 00:00,Short,DOWN,3885.52,3938.11,3970,3832.5,1.34,0.81,1.36,Gain,1.34,248.44,3484.4
05/09/2021 00:00,Long,UP,3950.29,3885.61,3980,3830,1.64,0.75,1.43,Gain,1.64,250.08,3500.8
06/09/2021 00:00,Short,DOWN,3926.77,3950.28,3970,3864.3,0.6,0.5,1.59,Gain,0.6,250.68,3506.8
07/09/2021 00:00,Short,DOWN,3434.57,3926.67,3947.15,3005,12.53,0.52,12.51,Gain,12.53,263.21,3632.1
08/09/2021 00:00,Long,UP,3499,3434.84,3560,3215.16,3,1.74,6.4,Loss,3,260.21,3602.1
09/09/2021 00:00,Short,DOWN,3424.93,3499.01,3567.06,3390.4,2.12,1.94,1.01,Gain,2.12,262.33,3623.3
10/09/2021 00:00,Long,DOWN,3208.86,3424.94,3514.11,3150,3,2.6,1.83,Loss,3,259.33,3593.3
11/09/2021 00:00,Long,UP,3267.21,3208.85,3348.37,3200,1.79,2.48,0.28,Gain,1.79,261.12,3611.2
12/09/2021 00:00,Long,UP,3404.21,3267.1,3474.16,3231.1,4.03,2.05,1.1,Gain,4.03,265.15,3651.5
13/09/2021 00:00,Short,DOWN,3285.35,3404.3,3430.3,3108.49,3.49,0.76,5.38,Gain,3.49,268.64,3686.4
14/09/2021 00:00,Short,UP,3434.37,3285.09,3437.05,3269.95,3,0.08,0.46,Loss,3,265.64,3656.4
15/09/2021 00:00,Short,UP,3613.55,3434.37,3616.16,3357.78,3,0.07,2.23,Loss,3,262.64,3626.4
16/09/2021 00:00,Short,DOWN,3567.98,3613.55,3676.28,3481.14,1.26,1.74,2.43,Gain,1.26,263.9,3639
17/09/2021 00:00,Long,DOWN,3399.81,3567.97,3594.17,3350.07,3,0.73,1.46,Loss,3,260.9,3609
18/09/2021 00:00,Long,UP,3435.64,3399.89,3541.96,3368.88,1.04,3.09,0.91,Gain,1.04,261.94,3619.4
19/09/2021 00:00,Long,DOWN,3361.56,3435.64,3456.53,3302,3,0.61,1.77,Loss,3,258.94,3589.4
